"id","usuario","accion","detalle","fecha"
"1","1","abrió_sesión","Usuario 1 inició sesión y abrió el proyecto 1","2025-02-20 17:43:00.000000"
"2","1","creó_clase","Clase 'Estudiante' creada en el diagrama (cpp). Archivo generado en codigos_fuenteusuario_1proyecto_1Estudiante.cpp","2025-02-20 17:44:14.000000"
"3","1","modificó_clase","Clase 'Estudiante' modificada: se actualizó el modificador de acceso a 'protected'","2025-02-20 17:49:46.000000"
"4","1","creó_atributo","Atributo 'protected String tasa' agregado a la clase 'Estudiante' en proyecto 1","2025-02-20 17:53:52.000000"
"5","1","guardó_código","Archivo: codigos_fuenteusuario_1proyecto_1Estudiante.cpp","2025-02-20 17:54:38.000000"
"6","1","creó_método","Error: firma duplicada al crear método en 'Estudiante'","2025-02-20 17:55:23.000000"
"7","1","guardó_código","Archivo: codigos_fuenteusuario_1proyecto_1Estudiante.cpp","2025-02-20 17:56:40.000000"
"8","1","modificó_método","Método 'calcularArea()' de clase 'Estudiante': cuerpo actualizado en editor Monaco","2025-02-20 17:59:01.000000"
"9","1","compiló_cpp","Éxito en proyecto 1","2025-02-20 18:01:30.000000"
"10","1","guardó_código","Archivo: codigos_fuenteusuario_1proyecto_1Estudiante.cpp","2025-02-20 18:06:18.000000"
"11","1","creó_atributo","Error: tipo de dato no reconocido en atributo de 'Estudiante'","2025-02-20 18:11:56.000000"
"12","1","modificó_clase","Clase 'Estudiante' modificada: se actualizó el modificador de acceso a 'protected'","2025-02-20 18:12:39.000000"
"13","1","creó_método","Método 'double inicializar()' agregado a la clase 'Estudiante' en proyecto 1","2025-02-20 18:17:56.000000"
"14","1","guardó_código","Archivo: codigos_fuenteusuario_1proyecto_1Estudiante.cpp","2025-02-20 18:20:07.000000"
"15","1","modificó_atributo","Atributo 'edad' de clase 'Estudiante' modificado: tipo cambiado a 'int'","2025-02-20 18:26:43.000000"
"16","1","creó_método","Método 'boolean toString()' agregado a la clase 'Estudiante' en proyecto 1","2025-02-20 18:32:45.000000"
"17","1","creó_atributo","Atributo 'protected boolean salario' agregado a la clase 'Estudiante' en proyecto 1","2025-02-20 18:39:14.000000"
"18","1","creó_método","Método 'String validar()' agregado a la clase 'Estudiante' en proyecto 1","2025-02-20 18:44:23.000000"
"19","1","creó_clase","Clase 'Circulo' creada en el diagrama (cpp). Archivo generado en codigos_fuenteusuario_1proyecto_1Circulo.cpp","2025-02-20 18:48:27.000000"
"20","1","estableció_herencia","Relación de herencia creada: 'Estudiante' extiende a 'Circulo' en proyecto 1","2025-02-20 18:50:49.000000"
"21","1","compiló_cpp","Éxito en proyecto 1","2025-02-20 18:55:08.000000"
"22","1","modificó_clase","Clase 'Estudiante' modificada: se actualizó el modificador de acceso a 'protected'","2025-02-20 19:00:39.000000"
"23","1","creó_método","Método 'String calcularPerimetro()' agregado a la clase 'Estudiante' en proyecto 1","2025-02-20 19:03:31.000000"
"24","1","guardó_código","Archivo: codigos_fuenteusuario_1proyecto_1Circulo.cpp","2025-02-20 19:10:55.000000"
"25","1","estableció_herencia","Relación de herencia creada: 'Circulo' extiende a 'Estudiante' en proyecto 1","2025-02-20 19:18:50.000000"
"26","1","eliminó_herencia","Relación de herencia eliminada entre 'Estudiante' y 'Circulo'","2025-02-20 19:19:23.000000"
"27","1","modificó_herencia","Relación de herencia modificada: 'Circulo' ahora hereda de 'Estudiante' (antes diferente)","2025-02-20 19:26:21.000000"
"28","1","modificó_herencia","Relación de herencia modificada: 'Circulo' ahora hereda de 'Estudiante' (antes diferente)","2025-02-20 19:33:43.000000"
"29","1","eliminó_herencia","Relación de herencia eliminada entre 'Circulo' y 'Estudiante'","2025-02-20 19:35:34.000000"
"30","1","modificó_clase","Clase 'Circulo' modificada: se actualizó el modificador de acceso a 'private'","2025-02-20 19:42:01.000000"
"31","1","creó_método","Método 'void transferir()' agregado a la clase 'Estudiante' en proyecto 1","2025-02-20 19:46:07.000000"
"32","1","modificó_método","Método 'calcularArea()' de clase 'Estudiante': cuerpo actualizado en editor Monaco","2025-02-20 19:49:31.000000"
"33","1","compiló_cpp","Éxito en proyecto 1","2025-02-20 19:52:23.000000"
"34","1","guardó_código","Archivo: codigos_fuenteusuario_1proyecto_1Estudiante.cpp","2025-02-20 19:54:12.000000"
"35","1","guardó_código","Archivo: codigos_fuenteusuario_1proyecto_1Circulo.cpp","2025-02-20 19:56:32.000000"
"36","1","modificó_método","Error de sintaxis al modificar método en 'Estudiante'","2025-02-20 20:03:32.000000"
"37","1","guardó_código","Archivo: codigos_fuenteusuario_1proyecto_1Circulo.cpp","2025-02-20 20:06:54.000000"
"38","1","eliminó_método","Método 'calcularPerimetro()' eliminado de la clase 'Circulo'","2025-02-20 20:08:16.000000"
"39","1","creó_atributo","Atributo 'public char edad' agregado a la clase 'Circulo' en proyecto 1","2025-02-20 20:09:33.000000"
"40","1","creó_clase","Clase 'Pila' creada en el diagrama (cpp). Archivo generado en codigos_fuenteusuario_1proyecto_1Pila.cpp","2025-02-20 20:13:17.000000"
"41","1","guardó_código","Archivo: codigos_fuenteusuario_1proyecto_1Estudiante.cpp","2025-02-20 20:14:36.000000"
"42","1","creó_método","Método 'String retirar()' agregado a la clase 'Estudiante' en proyecto 1","2025-02-20 20:18:09.000000"
"43","1","guardó_código","Archivo: codigos_fuenteusuario_1proyecto_1Circulo.cpp","2025-02-20 20:25:52.000000"
"44","1","creó_atributo","Atributo 'private int matricula' agregado a la clase 'Estudiante' en proyecto 1","2025-02-20 20:29:18.000000"
"45","1","estableció_herencia","Error: herencia circular detectada entre 'Circulo' y 'Estudiante'","2025-02-20 20:34:57.000000"
"46","1","modificó_clase","Clase 'Estudiante' modificada: se actualizó el modificador de acceso a 'public'","2025-02-20 20:37:42.000000"
"47","1","compiló_cpp","Éxito en proyecto 1","2025-02-20 20:45:05.000000"
"48","1","estableció_herencia","Relación de herencia creada: 'Pila' extiende a 'Circulo' en proyecto 1","2025-02-20 20:45:57.000000"
"49","1","modificó_herencia","Relación de herencia modificada: 'Pila' ahora hereda de 'Circulo' (antes diferente)","2025-02-20 20:52:40.000000"
"50","1","guardó_código","Archivo: codigos_fuenteusuario_1proyecto_1Circulo.cpp","2025-02-20 20:57:05.000000"
"51","1","creó_método","Método 'void arrancar()' agregado a la clase 'Estudiante' en proyecto 1","2025-02-20 21:02:09.000000"
"52","1","creó_método","Método 'int obtenerInfo()' agregado a la clase 'Estudiante' en proyecto 1","2025-02-20 21:03:42.000000"
"53","1","modificó_herencia","Error al modificar herencia: clase base 'Circulo' no compatible","2025-02-20 21:07:25.000000"
"54","1","creó_método","Método 'double transferir()' agregado a la clase 'Estudiante' en proyecto 1","2025-02-20 21:08:35.000000"
"55","1","modificó_herencia","Relación de herencia modificada: 'Pila' ahora hereda de 'Circulo' (antes diferente)","2025-02-20 21:13:47.000000"
"56","1","modificó_método","Método 'inicializar()' de clase 'Estudiante': cuerpo actualizado en editor Monaco","2025-02-20 21:16:47.000000"
"57","1","creó_método","Error: firma duplicada al crear método en 'Pila'","2025-02-20 21:24:21.000000"
"58","1","modificó_método","Método 'acelerar()' de clase 'Estudiante': cuerpo actualizado en editor Monaco","2025-02-20 21:30:12.000000"
"59","1","modificó_clase","Clase 'Circulo' modificada: se actualizó el modificador de acceso a 'private'","2025-02-20 21:35:58.000000"
"60","1","estableció_herencia","Relación de herencia creada: 'Circulo' extiende a 'Estudiante' en proyecto 1","2025-02-20 21:43:49.000000"
"61","1","eliminó_herencia","Relación de herencia eliminada entre 'Pila' y 'Circulo'","2025-02-20 21:47:24.000000"
"62","1","guardó_código","Archivo: codigos_fuenteusuario_1proyecto_1Pila.cpp","2025-02-20 21:52:49.000000"
"63","1","estableció_herencia","Relación de herencia creada: 'Pila' extiende a 'Estudiante' en proyecto 1","2025-02-20 21:54:57.000000"
"64","1","compiló_cpp","Éxito en proyecto 1","2025-02-20 22:01:27.000000"
"65","1","eliminó_herencia","Relación de herencia eliminada entre 'Circulo' y 'Estudiante'","2025-02-20 22:02:32.000000"
"66","1","creó_atributo","Atributo 'private double color' agregado a la clase 'Pila' en proyecto 1","2025-02-20 22:03:25.000000"
"67","1","eliminó_método","Método 'frenar()' eliminado de la clase 'Estudiante'","2025-02-20 22:09:33.000000"
"68","1","guardó_código","Archivo: codigos_fuenteusuario_1proyecto_1Pila.cpp","2025-02-20 22:11:59.000000"
"69","1","guardó_código","Archivo: codigos_fuenteusuario_1proyecto_1Circulo.cpp","2025-02-20 22:19:04.000000"
"70","1","compiló_cpp","Éxito en proyecto 1","2025-02-20 22:22:02.000000"
"71","1","estableció_herencia","Relación de herencia creada: 'Circulo' extiende a 'Estudiante' en proyecto 1","2025-02-20 22:23:12.000000"
"72","1","creó_clase","Clase 'Cliente' creada en el diagrama (cpp). Archivo generado en codigos_fuenteusuario_1proyecto_1Cliente.cpp","2025-02-20 22:30:59.000000"
"73","1","guardó_código","Archivo: codigos_fuenteusuario_1proyecto_1Pila.cpp","2025-02-20 22:33:28.000000"
"74","1","creó_método","Método 'void obtenerNombre()' agregado a la clase 'Cliente' en proyecto 1","2025-02-20 22:41:21.000000"
"75","1","modificó_herencia","Relación de herencia modificada: 'Pila' ahora hereda de 'Estudiante' (antes diferente)","2025-02-20 22:42:42.000000"
"76","1","creó_método","Método 'void depositar()' agregado a la clase 'Pila' en proyecto 1","2025-02-20 22:46:26.000000"
"77","1","creó_atributo","Error: tipo de dato no reconocido en atributo de 'Pila'","2025-02-20 22:49:18.000000"
"78","1","estableció_herencia","Relación de herencia creada: 'Cliente' extiende a 'Circulo' en proyecto 1","2025-02-20 22:53:40.000000"
"79","1","creó_atributo","Atributo 'public boolean lados' agregado a la clase 'Estudiante' en proyecto 1","2025-02-20 22:59:35.000000"
"80","1","cerró_sesión_inactividad","El sistema cerró la sesión por 10 min sin actividad. Usuario 1 en proyecto 1","2025-02-20 23:07:12.000000"
"81","1","abrió_sesión","Usuario 1 inició sesión y abrió el proyecto 1","2025-03-01 18:51:00.000000"
"82","1","guardó_código","Archivo: codigos_fuenteusuario_1proyecto_1Circulo.cpp","2025-03-01 18:55:01.000000"
"83","1","creó_atributo","Atributo 'protected double peso' agregado a la clase 'Circulo' en proyecto 1","2025-03-01 18:55:43.000000"
"84","1","eliminó_clase","Error al eliminar clase 'Pila': tiene dependencias activas","2025-03-01 18:57:44.000000"
"85","1","estableció_herencia","Relación de herencia creada: 'Estudiante' extiende a 'Pila' en proyecto 1","2025-03-01 19:04:31.000000"
"86","1","creó_clase","Clase 'ProductoFisico' creada en el diagrama (cpp). Archivo generado en codigos_fuenteusuario_1proyecto_1ProductoFisico.cpp","2025-03-01 19:07:51.000000"
"87","1","modificó_atributo","Error: tipo incompatible al modificar atributo en 'Pila'","2025-03-01 19:15:01.000000"
"88","1","creó_atributo","Atributo 'public int precio' agregado a la clase 'Estudiante' en proyecto 1","2025-03-01 19:19:01.000000"
"89","1","creó_clase","Clase 'Producto' creada en el diagrama (cpp). Archivo generado en codigos_fuenteusuario_1proyecto_1Producto.cpp","2025-03-01 19:26:21.000000"
"90","1","eliminó_atributo","Atributo 'lados' eliminado de la clase 'Producto'","2025-03-01 19:32:33.000000"
"91","1","modificó_herencia","Relación de herencia modificada: 'Cliente' ahora hereda de 'Circulo' (antes diferente)","2025-03-01 19:40:25.000000"
"92","1","compiló_cpp","Éxito en proyecto 1","2025-03-01 19:47:11.000000"
"93","1","creó_método","Método 'double arrancar()' agregado a la clase 'Pila' en proyecto 1","2025-03-01 19:54:36.000000"
"94","1","creó_atributo","Atributo 'protected char lados' agregado a la clase 'Producto' en proyecto 1","2025-03-01 19:57:13.000000"
"95","1","eliminó_método","Método 'inicializar()' eliminado de la clase 'Producto'","2025-03-01 19:59:59.000000"
"96","1","creó_atributo","Atributo 'private double codigo' agregado a la clase 'Pila' en proyecto 1","2025-03-01 20:01:50.000000"
"97","1","compiló_cpp","Éxito en proyecto 1","2025-03-01 20:09:03.000000"
"98","1","modificó_atributo","Atributo 'saldo' de clase 'Pila' modificado: tipo cambiado a 'boolean'","2025-03-01 20:15:32.000000"
"99","1","compiló_cpp","Fallo en proyecto 1. error: 'velocidad' was not declared in this scope","2025-03-01 20:16:57.000000"
"100","1","creó_método","Método 'void arrancar()' agregado a la clase 'Pila' en proyecto 1","2025-03-01 20:20:42.000000"
"101","1","modificó_método","Método 'consultarSaldo()' de clase 'Circulo': cuerpo actualizado en editor Monaco","2025-03-01 20:28:38.000000"
"102","1","creó_clase","Error al crear clase 'Persona': nombre duplicado en proyecto 1","2025-03-01 20:29:27.000000"
"103","1","compiló_cpp","Éxito en proyecto 1","2025-03-01 20:37:16.000000"
"104","1","estableció_herencia","Relación de herencia creada: 'Circulo' extiende a 'ProductoFisico' en proyecto 1","2025-03-01 20:41:46.000000"
"105","1","creó_método","Método 'void setEdad()' agregado a la clase 'Cliente' en proyecto 1","2025-03-01 20:44:09.000000"
"106","1","compiló_cpp","Éxito en proyecto 1","2025-03-01 20:46:21.000000"
"107","1","creó_método","Método 'void transferir()' agregado a la clase 'Producto' en proyecto 1","2025-03-01 20:53:49.000000"
"108","1","modificó_clase","Clase 'Cliente' modificada: se actualizó el modificador de acceso a 'protected'","2025-03-01 20:58:14.000000"
"109","1","creó_método","Error: firma duplicada al crear método en 'ProductoFisico'","2025-03-01 21:01:43.000000"
"110","1","creó_método","Método 'double obtenerInfo()' agregado a la clase 'Cliente' en proyecto 1","2025-03-01 21:04:49.000000"
"111","1","modificó_atributo","Atributo 'cargo' de clase 'ProductoFisico' modificado: tipo cambiado a 'float'","2025-03-01 21:12:19.000000"
"112","1","eliminó_método","Método 'acelerar()' eliminado de la clase 'Pila'","2025-03-01 21:19:36.000000"
"113","1","cerró_sesión_inactividad","El sistema cerró la sesión por 10 min sin actividad. Usuario 1 en proyecto 1","2025-03-01 21:27:32.000000"
"114","1","abrió_sesión","Usuario 1 inició sesión y abrió el proyecto 1","2025-03-04 20:28:00.000000"
"115","1","creó_método","Método 'double consultarSaldo()' agregado a la clase 'Pila' en proyecto 1","2025-03-04 20:34:35.000000"
"116","1","estableció_herencia","Error: herencia circular detectada entre 'Estudiante' y 'ProductoFisico'","2025-03-04 20:37:31.000000"
"117","1","creó_atributo","Atributo 'protected double radio' agregado a la clase 'ProductoFisico' en proyecto 1","2025-03-04 20:40:01.000000"
"118","1","creó_método","Método 'int getEdad()' agregado a la clase 'Cliente' en proyecto 1","2025-03-04 20:42:50.000000"
"119","1","guardó_código","Archivo: codigos_fuenteusuario_1proyecto_1Cliente.cpp","2025-03-04 20:46:11.000000"
"120","1","creó_método","Método 'double getPrecio()' agregado a la clase 'Cliente' en proyecto 1","2025-03-04 20:49:24.000000"
"121","1","guardó_código","Archivo: codigos_fuenteusuario_1proyecto_1Producto.cpp","2025-03-04 20:54:30.000000"
"122","1","estableció_herencia","Relación de herencia creada: 'Producto' extiende a 'ProductoFisico' en proyecto 1","2025-03-04 20:55:41.000000"
"123","1","creó_método","Método 'double calcularArea()' agregado a la clase 'Cliente' en proyecto 1","2025-03-04 20:57:21.000000"
"124","1","compiló_cpp","Éxito en proyecto 1","2025-03-04 20:59:08.000000"
"125","1","creó_atributo","Atributo 'protected double descripcion' agregado a la clase 'Pila' en proyecto 1","2025-03-04 21:01:36.000000"
"126","1","eliminó_método","Método 'acelerar()' eliminado de la clase 'Pila'","2025-03-04 21:05:22.000000"
"127","1","modificó_atributo","Atributo 'edad' de clase 'Estudiante' modificado: tipo cambiado a 'double'","2025-03-04 21:11:47.000000"
"128","1","modificó_método","Método 'setEdad()' de clase 'Circulo': cuerpo actualizado en editor Monaco","2025-03-04 21:13:35.000000"
"129","1","eliminó_método","Error al eliminar método: no encontrado en 'Estudiante'","2025-03-04 21:20:06.000000"
"130","1","compiló_cpp","Éxito en proyecto 1","2025-03-04 21:22:25.000000"
"131","1","modificó_clase","Clase 'Circulo' modificada: se actualizó el modificador de acceso a 'protected'","2025-03-04 21:23:27.000000"
"132","1","modificó_atributo","Atributo 'radio' de clase 'Circulo' modificado: tipo cambiado a 'String'","2025-03-04 21:27:29.000000"
"133","1","cerró_sesión_inactividad","El sistema cerró la sesión por 10 min sin actividad. Usuario 1 en proyecto 1","2025-03-04 21:31:27.000000"
"134","1","abrió_sesión","Usuario 1 inició sesión y abrió el proyecto 1","2025-03-11 03:07:00.000000"
"135","1","creó_método","Método 'boolean calcularArea()' agregado a la clase 'Pila' en proyecto 1","2025-03-11 03:10:09.000000"
"136","1","creó_atributo","Atributo 'protected int cargo' agregado a la clase 'Producto' en proyecto 1","2025-03-11 03:11:34.000000"
"137","1","modificó_método","Error de sintaxis al modificar método en 'Pila'","2025-03-11 03:17:00.000000"
"138","1","modificó_clase","Clase 'Producto' modificada: se actualizó el modificador de acceso a 'protected'","2025-03-11 03:17:43.000000"
"139","1","guardó_código","Archivo: codigos_fuenteusuario_1proyecto_1Producto.cpp","2025-03-11 03:20:52.000000"
"140","1","compiló_cpp","Éxito en proyecto 1","2025-03-11 03:26:16.000000"
"141","1","creó_método","Método 'void transferir()' agregado a la clase 'Producto' en proyecto 1","2025-03-11 03:32:32.000000"
"142","1","estableció_herencia","Relación de herencia creada: 'ProductoFisico' extiende a 'Circulo' en proyecto 1","2025-03-11 03:36:14.000000"
"143","1","creó_atributo","Atributo 'protected String descripcion' agregado a la clase 'Producto' en proyecto 1","2025-03-11 03:40:07.000000"
"144","1","creó_atributo","Atributo 'public boolean precio' agregado a la clase 'Circulo' en proyecto 1","2025-03-11 03:46:43.000000"
"145","1","creó_método","Método 'void consultarSaldo()' agregado a la clase 'Pila' en proyecto 1","2025-03-11 03:48:54.000000"
"146","1","eliminó_atributo","Atributo 'tasa' eliminado de la clase 'Circulo'","2025-03-11 03:50:02.000000"
"147","1","modificó_atributo","Atributo 'salario' de clase 'Producto' modificado: tipo cambiado a 'int'","2025-03-11 03:55:35.000000"
"148","1","creó_atributo","Atributo 'public double tasa' agregado a la clase 'Estudiante' en proyecto 1","2025-03-11 04:01:58.000000"
"149","1","creó_atributo","Atributo 'public float radio' agregado a la clase 'ProductoFisico' en proyecto 1","2025-03-11 04:09:33.000000"
"150","1","creó_atributo","Atributo 'protected double precio' agregado a la clase 'ProductoFisico' en proyecto 1","2025-03-11 04:15:24.000000"
"151","1","modificó_clase","Clase 'Circulo' modificada: se actualizó el modificador de acceso a 'public'","2025-03-11 04:17:58.000000"
"152","1","creó_método","Método 'int retirar()' agregado a la clase 'Producto' en proyecto 1","2025-03-11 04:19:20.000000"
"153","1","eliminó_atributo","Atributo 'marca' eliminado de la clase 'Circulo'","2025-03-11 04:25:46.000000"
"154","1","creó_método","Error: firma duplicada al crear método en 'ProductoFisico'","2025-03-11 04:32:51.000000"
"155","1","creó_atributo","Atributo 'public int codigo' agregado a la clase 'Circulo' en proyecto 1","2025-03-11 04:35:55.000000"
"156","1","modificó_clase","Clase 'ProductoFisico' modificada: se actualizó el modificador de acceso a 'public'","2025-03-11 04:43:40.000000"
"157","1","creó_atributo","Error: tipo de dato no reconocido en atributo de 'ProductoFisico'","2025-03-11 04:50:00.000000"
"158","1","compiló_cpp","Éxito en proyecto 1","2025-03-11 04:55:37.000000"
"159","1","creó_método","Método 'String calcularSalario()' agregado a la clase 'Estudiante' en proyecto 1","2025-03-11 05:02:59.000000"
"160","1","modificó_herencia","Error al modificar herencia: clase base 'Circulo' no compatible","2025-03-11 05:04:30.000000"
"161","1","modificó_clase","Clase 'Cliente' modificada: se actualizó el modificador de acceso a 'private'","2025-03-11 05:11:47.000000"
"162","1","creó_método","Método 'int depositar()' agregado a la clase 'Estudiante' en proyecto 1","2025-03-11 05:17:06.000000"
"163","1","modificó_herencia","Error al modificar herencia: clase base 'Estudiante' no compatible","2025-03-11 05:24:16.000000"
"164","1","cerró_sesión_inactividad","El sistema cerró la sesión por 10 min sin actividad. Usuario 1 en proyecto 1","2025-03-11 05:25:07.000000"
"165","2","abrió_sesión","Usuario 2 inició sesión y abrió el proyecto 2","2025-03-03 22:19:00.000000"
"166","2","creó_clase","Clase 'Figura' creada en el diagrama (java). Archivo generado en codigos_fuenteusuario_2proyecto_2Figura.java","2025-03-03 22:24:42.000000"
"167","2","guardó_código","Archivo: codigos_fuenteusuario_2proyecto_2Figura.java","2025-03-03 22:31:30.000000"
"168","2","guardó_código","Archivo: codigos_fuenteusuario_2proyecto_2Figura.java","2025-03-03 22:32:50.000000"
"169","2","modificó_atributo","Atributo 'kilometraje' de clase 'Figura' modificado: tipo cambiado a 'String'","2025-03-03 22:39:50.000000"
"170","2","creó_método","Método 'int getPrecio()' agregado a la clase 'Figura' en proyecto 2","2025-03-03 22:42:06.000000"
"171","2","creó_clase","Clase 'Persona' creada en el diagrama (java). Archivo generado en codigos_fuenteusuario_2proyecto_2Persona.java","2025-03-03 22:47:56.000000"
"172","2","compiló_java","Éxito en proyecto 2","2025-03-03 22:50:14.000000"
"173","2","eliminó_método","Método 'inicializar()' eliminado de la clase 'Figura'","2025-03-03 22:52:59.000000"
"174","2","creó_atributo","Atributo 'protected char codigo' agregado a la clase 'Persona' en proyecto 2","2025-03-03 22:59:07.000000"
"175","2","modificó_atributo","Atributo 'peso' de clase 'Persona' modificado: tipo cambiado a 'boolean'","2025-03-03 23:00:18.000000"
"176","2","compiló_java","Fallo en proyecto 2. error: cannot find symbol: variable modelo","2025-03-03 23:02:08.000000"
"177","2","guardó_código","Archivo: codigos_fuenteusuario_2proyecto_2Figura.java","2025-03-03 23:04:40.000000"
"178","2","estableció_herencia","Relación de herencia creada: 'Figura' extiende a 'Persona' en proyecto 2","2025-03-03 23:06:38.000000"
"179","2","modificó_atributo","Atributo 'precio' de clase 'Figura' modificado: tipo cambiado a 'String'","2025-03-03 23:11:50.000000"
"180","2","modificó_método","Método 'calcularArea()' de clase 'Persona': cuerpo actualizado en editor Monaco","2025-03-03 23:12:58.000000"
"181","2","creó_atributo","Atributo 'private int kilometraje' agregado a la clase 'Persona' en proyecto 2","2025-03-03 23:14:48.000000"
"182","2","cerró_sesión_inactividad","El sistema cerró la sesión por 10 min sin actividad. Usuario 2 en proyecto 2","2025-03-03 23:15:19.000000"
"183","2","abrió_sesión","Usuario 2 inició sesión y abrió el proyecto 2","2025-03-12 20:42:00.000000"
"184","2","creó_método","Método 'String obtenerInfo()' agregado a la clase 'Figura' en proyecto 2","2025-03-12 20:49:26.000000"
"185","2","compiló_java","Fallo en proyecto 2. error: incompatible types: String cannot be converted to int","2025-03-12 20:56:25.000000"
"186","2","creó_atributo","Error: tipo de dato no reconocido en atributo de 'Figura'","2025-03-12 21:01:36.000000"
"187","2","compiló_java","Éxito en proyecto 2","2025-03-12 21:02:24.000000"
"188","2","creó_atributo","Atributo 'protected int precio' agregado a la clase 'Persona' en proyecto 2","2025-03-12 21:06:46.000000"
"189","2","compiló_java","Éxito en proyecto 2","2025-03-12 21:08:01.000000"
"190","2","compiló_java","Éxito en proyecto 2","2025-03-12 21:11:12.000000"
"191","2","creó_atributo","Atributo 'protected float matricula' agregado a la clase 'Persona' en proyecto 2","2025-03-12 21:13:51.000000"
"192","2","compiló_java","Fallo en proyecto 2. error: class, interface, or enum expected","2025-03-12 21:17:06.000000"
"193","2","compiló_java","Éxito en proyecto 2","2025-03-12 21:18:35.000000"
"194","2","eliminó_método","Método 'caminar()' eliminado de la clase 'Persona'","2025-03-12 21:25:40.000000"
"195","2","eliminó_herencia","Relación de herencia eliminada entre 'Figura' y 'Persona'","2025-03-12 21:29:36.000000"
"196","2","modificó_clase","Error al modificar clase 'Figura': nombre inválido","2025-03-12 21:37:28.000000"
"197","2","compiló_java","Fallo en proyecto 2. error: incompatible types: String cannot be converted to int","2025-03-12 21:42:21.000000"
"198","2","creó_clase","Clase 'Auto' creada en el diagrama (java). Archivo generado en codigos_fuenteusuario_2proyecto_2Auto.java","2025-03-12 21:49:53.000000"
"199","2","estableció_herencia","Error: herencia circular detectada entre 'Auto' y 'Figura'","2025-03-12 21:50:23.000000"
"200","2","creó_atributo","Atributo 'protected int anio' agregado a la clase 'Persona' en proyecto 2","2025-03-12 21:56:29.000000"
"201","2","compiló_java","Éxito en proyecto 2","2025-03-12 22:04:24.000000"
"202","2","creó_método","Error: firma duplicada al crear método en 'Persona'","2025-03-12 22:09:31.000000"
"203","2","compiló_java","Éxito en proyecto 2","2025-03-12 22:13:57.000000"
"204","2","guardó_código","Archivo: codigos_fuenteusuario_2proyecto_2Figura.java","2025-03-12 22:17:58.000000"
"205","2","compiló_java","Fallo en proyecto 2. error: cannot find symbol: variable peso","2025-03-12 22:18:55.000000"
"206","2","modificó_método","Método 'retirar()' de clase 'Auto': cuerpo actualizado en editor Monaco","2025-03-12 22:21:01.000000"
"207","2","guardó_código","Archivo: codigos_fuenteusuario_2proyecto_2Auto.java","2025-03-12 22:25:56.000000"
"208","2","creó_clase","Clase 'Poligono' creada en el diagrama (java). Archivo generado en codigos_fuenteusuario_2proyecto_2Poligono.java","2025-03-12 22:29:31.000000"
"209","2","creó_atributo","Atributo 'public float departamento' agregado a la clase 'Auto' en proyecto 2","2025-03-12 22:35:19.000000"
"210","2","modificó_clase","Clase 'Persona' modificada: se actualizó el modificador de acceso a 'private'","2025-03-12 22:42:16.000000"
"211","2","modificó_atributo","Atributo 'tasa' de clase 'Persona' modificado: tipo cambiado a 'float'","2025-03-12 22:47:01.000000"
"212","2","modificó_atributo","Atributo 'salario' de clase 'Auto' modificado: tipo cambiado a 'double'","2025-03-12 22:52:51.000000"
"213","2","creó_clase","Error al crear clase 'Circulo': nombre duplicado en proyecto 2","2025-03-12 22:57:07.000000"
"214","2","creó_método","Método 'double acelerar()' agregado a la clase 'Auto' en proyecto 2","2025-03-12 23:04:06.000000"
"215","2","guardó_código","Archivo: codigos_fuenteusuario_2proyecto_2Auto.java","2025-03-12 23:05:02.000000"
"216","2","compiló_java","Éxito en proyecto 2","2025-03-12 23:07:16.000000"
"217","2","creó_método","Método 'String setPrecio()' agregado a la clase 'Poligono' en proyecto 2","2025-03-12 23:10:02.000000"
"218","2","estableció_herencia","Relación de herencia creada: 'Persona' extiende a 'Poligono' en proyecto 2","2025-03-12 23:15:13.000000"
"219","2","estableció_herencia","Relación de herencia creada: 'Persona' extiende a 'Poligono' en proyecto 2","2025-03-12 23:16:50.000000"
"220","2","creó_método","Método 'int setEdad()' agregado a la clase 'Persona' en proyecto 2","2025-03-12 23:19:47.000000"
"221","2","eliminó_clase","Clase 'Persona' eliminada del diagrama. Archivo físico removido del proyecto 2","2025-03-12 23:24:01.000000"
"222","2","creó_método","Método 'void calcularSalario()' agregado a la clase 'Poligono' en proyecto 2","2025-03-12 23:32:01.000000"
"223","2","creó_atributo","Atributo 'public double codigo' agregado a la clase 'Poligono' en proyecto 2","2025-03-12 23:38:28.000000"
"224","2","guardó_código","Archivo: codigos_fuenteusuario_2proyecto_2Auto.java","2025-03-12 23:43:06.000000"
"225","2","eliminó_atributo","Atributo 'radio' eliminado de la clase 'Figura'","2025-03-12 23:44:38.000000"
"226","2","modificó_atributo","Atributo 'velocidad' de clase 'Poligono' modificado: tipo cambiado a 'double'","2025-03-12 23:45:22.000000"
"227","2","estableció_herencia","Error: herencia circular detectada entre 'Poligono' y 'Auto'","2025-03-12 23:51:14.000000"
"228","2","estableció_herencia","Error: herencia circular detectada entre 'Auto' y 'Figura'","2025-03-12 23:56:55.000000"
"229","2","modificó_método","Método 'validar()' de clase 'Poligono': cuerpo actualizado en editor Monaco","2025-03-13 00:04:14.000000"
"230","2","creó_clase","Clase 'Circulo' creada en el diagrama (java). Archivo generado en codigos_fuenteusuario_2proyecto_2Circulo.java","2025-03-13 00:06:46.000000"
"231","2","modificó_atributo","Atributo 'kilometraje' de clase 'Figura' modificado: tipo cambiado a 'double'","2025-03-13 00:13:19.000000"
"232","2","eliminó_método","Error al eliminar método: no encontrado en 'Circulo'","2025-03-13 00:15:10.000000"
"233","2","modificó_método","Método 'getEdad()' de clase 'Figura': cuerpo actualizado en editor Monaco","2025-03-13 00:18:19.000000"
"234","2","compiló_java","Éxito en proyecto 2","2025-03-13 00:23:31.000000"
"235","2","creó_método","Método 'String setPrecio()' agregado a la clase 'Figura' en proyecto 2","2025-03-13 00:24:08.000000"
"236","2","modificó_clase","Clase 'Circulo' modificada: se actualizó el modificador de acceso a 'public'","2025-03-13 00:29:20.000000"
"237","2","estableció_herencia","Relación de herencia creada: 'Auto' extiende a 'Figura' en proyecto 2","2025-03-13 00:33:18.000000"
"238","2","creó_atributo","Atributo 'public float matricula' agregado a la clase 'Auto' en proyecto 2","2025-03-13 00:34:35.000000"
"239","2","estableció_herencia","Relación de herencia creada: 'Poligono' extiende a 'Figura' en proyecto 2","2025-03-13 00:37:00.000000"
"240","2","creó_clase","Clase 'Profesor' creada en el diagrama (java). Archivo generado en codigos_fuenteusuario_2proyecto_2Profesor.java","2025-03-13 00:44:40.000000"
"241","2","modificó_herencia","Relación de herencia modificada: 'Poligono' ahora hereda de 'Figura' (antes diferente)","2025-03-13 00:46:08.000000"
"242","2","creó_método","Error: firma duplicada al crear método en 'Poligono'","2025-03-13 00:50:34.000000"
"243","2","creó_clase","Clase 'Gerente' creada en el diagrama (java). Archivo generado en codigos_fuenteusuario_2proyecto_2Gerente.java","2025-03-13 00:52:04.000000"
"244","2","cerró_sesión_inactividad","El sistema cerró la sesión por 10 min sin actividad. Usuario 2 en proyecto 2","2025-03-13 00:58:05.000000"
"245","2","abrió_sesión","Usuario 2 inició sesión y abrió el proyecto 2","2025-03-22 17:42:00.000000"
"246","2","compiló_java","Éxito en proyecto 2","2025-03-22 17:47:58.000000"
"247","2","compiló_java","Éxito en proyecto 2","2025-03-22 17:53:55.000000"
"248","2","creó_clase","Clase 'Cliente' creada en el diagrama (java). Archivo generado en codigos_fuenteusuario_2proyecto_2Cliente.java","2025-03-22 17:59:30.000000"
"249","2","modificó_atributo","Atributo 'peso' de clase 'Gerente' modificado: tipo cambiado a 'float'","2025-03-22 18:00:10.000000"
"250","2","compiló_java","Éxito en proyecto 2","2025-03-22 18:01:05.000000"
"251","2","modificó_atributo","Atributo 'modelo' de clase 'Figura' modificado: tipo cambiado a 'int'","2025-03-22 18:08:17.000000"
"252","2","compiló_java","Fallo en proyecto 2. error: class, interface, or enum expected","2025-03-22 18:11:37.000000"
"253","2","modificó_herencia","Error al modificar herencia: clase base 'Figura' no compatible","2025-03-22 18:14:11.000000"
"254","2","creó_atributo","Atributo 'protected char cargo' agregado a la clase 'Cliente' en proyecto 2","2025-03-22 18:15:45.000000"
"255","2","estableció_herencia","Relación de herencia creada: 'Gerente' extiende a 'Poligono' en proyecto 2","2025-03-22 18:22:57.000000"
"256","2","guardó_código","Archivo: codigos_fuenteusuario_2proyecto_2Auto.java","2025-03-22 18:28:16.000000"
"257","2","creó_método","Método 'boolean caminar()' agregado a la clase 'Gerente' en proyecto 2","2025-03-22 18:30:31.000000"
"258","2","creó_atributo","Atributo 'public int lados' agregado a la clase 'Profesor' en proyecto 2","2025-03-22 18:31:36.000000"
"259","2","compiló_java","Éxito en proyecto 2","2025-03-22 18:39:10.000000"
"260","2","creó_método","Error: firma duplicada al crear método en 'Cliente'","2025-03-22 18:46:11.000000"
"261","2","modificó_atributo","Atributo 'descripcion' de clase 'Circulo' modificado: tipo cambiado a 'float'","2025-03-22 18:51:24.000000"
"262","2","creó_atributo","Atributo 'public double lados' agregado a la clase 'Circulo' en proyecto 2","2025-03-22 18:53:40.000000"
"263","2","creó_atributo","Atributo 'private int cargo' agregado a la clase 'Poligono' en proyecto 2","2025-03-22 18:59:10.000000"
"264","2","creó_clase","Clase 'CuentaCorriente' creada en el diagrama (java). Archivo generado en codigos_fuenteusuario_2proyecto_2CuentaCorriente.java","2025-03-22 19:01:30.000000"
"265","2","compiló_java","Éxito en proyecto 2","2025-03-22 19:08:56.000000"
"266","2","modificó_método","Método 'getPrecio()' de clase 'Gerente': cuerpo actualizado en editor Monaco","2025-03-22 19:16:51.000000"
"267","2","compiló_java","Fallo en proyecto 2. error: method getEdad() already defined","2025-03-22 19:19:20.000000"
"268","2","modificó_clase","Clase 'Gerente' modificada: se actualizó el modificador de acceso a 'public'","2025-03-22 19:22:38.000000"
"269","2","guardó_código","Archivo: codigos_fuenteusuario_2proyecto_2CuentaCorriente.java","2025-03-22 19:29:44.000000"
"270","2","creó_atributo","Atributo 'public double altura' agregado a la clase 'Auto' en proyecto 2","2025-03-22 19:31:29.000000"
"271","2","compiló_java","Fallo en proyecto 2. error: incompatible types: String cannot be converted to int","2025-03-22 19:38:42.000000"
"272","2","creó_método","Método 'String setPrecio()' agregado a la clase 'Figura' en proyecto 2","2025-03-22 19:44:17.000000"
"273","2","guardó_código","Archivo: codigos_fuenteusuario_2proyecto_2Figura.java","2025-03-22 19:44:48.000000"
"274","2","estableció_herencia","Relación de herencia creada: 'Figura' extiende a 'Gerente' en proyecto 2","2025-03-22 19:47:39.000000"
"275","2","creó_método","Método 'void depositar()' agregado a la clase 'Poligono' en proyecto 2","2025-03-22 19:55:28.000000"
"276","2","eliminó_método","Método 'toString()' eliminado de la clase 'Auto'","2025-03-22 19:57:12.000000"
"277","2","creó_atributo","Atributo 'public boolean descripcion' agregado a la clase 'CuentaCorriente' en proyecto 2","2025-03-22 19:58:48.000000"
"278","2","estableció_herencia","Relación de herencia creada: 'Auto' extiende a 'Poligono' en proyecto 2","2025-03-22 20:03:54.000000"
"279","2","modificó_método","Método 'getPrecio()' de clase 'Figura': cuerpo actualizado en editor Monaco","2025-03-22 20:06:32.000000"
"280","2","creó_método","Método 'int acelerar()' agregado a la clase 'Cliente' en proyecto 2","2025-03-22 20:13:50.000000"
"281","2","creó_atributo","Atributo 'public char kilometraje' agregado a la clase 'Auto' en proyecto 2","2025-03-22 20:15:49.000000"
"282","2","cerró_sesión_inactividad","El sistema cerró la sesión por 10 min sin actividad. Usuario 2 en proyecto 2","2025-03-22 20:17:15.000000"
"283","2","abrió_sesión","Usuario 2 inició sesión y abrió el proyecto 2","2025-03-30 16:14:00.000000"
"284","2","compiló_java","Éxito en proyecto 2","2025-03-30 16:19:36.000000"
"285","2","creó_método","Método 'String frenar()' agregado a la clase 'Cliente' en proyecto 2","2025-03-30 16:20:34.000000"
"286","2","creó_atributo","Atributo 'private char departamento' agregado a la clase 'Circulo' en proyecto 2","2025-03-30 16:21:07.000000"
"287","2","estableció_herencia","Relación de herencia creada: 'Poligono' extiende a 'Gerente' en proyecto 2","2025-03-30 16:23:21.000000"
"288","2","guardó_código","Archivo: codigos_fuenteusuario_2proyecto_2Poligono.java","2025-03-30 16:26:25.000000"
"289","2","guardó_código","Archivo: codigos_fuenteusuario_2proyecto_2Poligono.java","2025-03-30 16:28:43.000000"
"290","2","creó_método","Método 'void setEdad()' agregado a la clase 'Poligono' en proyecto 2","2025-03-30 16:35:45.000000"
"291","2","modificó_herencia","Relación de herencia modificada: 'Poligono' ahora hereda de 'Gerente' (antes diferente)","2025-03-30 16:37:25.000000"
"292","2","eliminó_clase","Clase 'Gerente' eliminada del diagrama. Archivo físico removido del proyecto 2","2025-03-30 16:44:26.000000"
"293","2","creó_atributo","Atributo 'public float cargo' agregado a la clase 'Cliente' en proyecto 2","2025-03-30 16:47:06.000000"
"294","2","compiló_java","Éxito en proyecto 2","2025-03-30 16:50:04.000000"
"295","2","creó_método","Método 'void calcularSalario()' agregado a la clase 'Poligono' en proyecto 2","2025-03-30 16:53:21.000000"
"296","2","creó_atributo","Atributo 'public int anio' agregado a la clase 'Figura' en proyecto 2","2025-03-30 16:54:52.000000"
"297","2","creó_método","Método 'void validar()' agregado a la clase 'Profesor' en proyecto 2","2025-03-30 16:55:25.000000"
"298","2","estableció_herencia","Relación de herencia creada: 'CuentaCorriente' extiende a 'Profesor' en proyecto 2","2025-03-30 17:00:09.000000"
"299","2","modificó_atributo","Atributo 'edad' de clase 'Profesor' modificado: tipo cambiado a 'float'","2025-03-30 17:07:01.000000"
"300","2","compiló_java","Fallo en proyecto 2. error: ';' expected","2025-03-30 17:11:11.000000"
"301","2","guardó_código","Archivo: codigos_fuenteusuario_2proyecto_2Figura.java","2025-03-30 17:13:10.000000"
"302","2","eliminó_herencia","Relación de herencia eliminada entre 'Poligono' y 'Figura'","2025-03-30 17:14:46.000000"
"303","2","creó_atributo","Atributo 'private boolean kilometraje' agregado a la clase 'Poligono' en proyecto 2","2025-03-30 17:18:30.000000"
"304","2","modificó_método","Método 'arrancar()' de clase 'CuentaCorriente': cuerpo actualizado en editor Monaco","2025-03-30 17:23:32.000000"
"305","2","creó_método","Método 'boolean acelerar()' agregado a la clase 'Figura' en proyecto 2","2025-03-30 17:30:02.000000"
"306","2","modificó_clase","Clase 'CuentaCorriente' modificada: se actualizó el modificador de acceso a 'protected'","2025-03-30 17:32:29.000000"
"307","2","estableció_herencia","Relación de herencia creada: 'CuentaCorriente' extiende a 'Poligono' en proyecto 2","2025-03-30 17:37:15.000000"
"308","2","modificó_clase","Clase 'Circulo' modificada: se actualizó el modificador de acceso a 'public'","2025-03-30 17:42:31.000000"
"309","2","creó_método","Método 'int arrancar()' agregado a la clase 'Poligono' en proyecto 2","2025-03-30 17:50:07.000000"
"310","2","eliminó_clase","Error al eliminar clase 'Cliente': tiene dependencias activas","2025-03-30 17:56:19.000000"
"311","2","creó_clase","Clase 'Forma' creada en el diagrama (java). Archivo generado en codigos_fuenteusuario_2proyecto_2Forma.java","2025-03-30 18:03:41.000000"
"312","2","creó_clase","Clase 'Estudiante' creada en el diagrama (java). Archivo generado en codigos_fuenteusuario_2proyecto_2Estudiante.java","2025-03-30 18:07:12.000000"
"313","2","creó_atributo","Atributo 'private String saldo' agregado a la clase 'Circulo' en proyecto 2","2025-03-30 18:08:18.000000"
"314","2","creó_clase","Clase 'Vehiculo' creada en el diagrama (java). Archivo generado en codigos_fuenteusuario_2proyecto_2Vehiculo.java","2025-03-30 18:12:11.000000"
"315","2","compiló_java","Fallo en proyecto 2. error: method getPrecio() already defined","2025-03-30 18:20:02.000000"
"316","2","modificó_clase","Clase 'Vehiculo' modificada: se actualizó el modificador de acceso a 'public'","2025-03-30 18:26:51.000000"
"317","2","compiló_java","Fallo en proyecto 2. error: cannot find symbol: variable velocidad","2025-03-30 18:27:42.000000"
"318","2","creó_atributo","Atributo 'protected boolean salario' agregado a la clase 'CuentaCorriente' en proyecto 2","2025-03-30 18:31:55.000000"
"319","2","guardó_código","Archivo: codigos_fuenteusuario_2proyecto_2Forma.java","2025-03-30 18:32:34.000000"
"320","2","creó_atributo","Atributo 'protected String cargo' agregado a la clase 'Circulo' en proyecto 2","2025-03-30 18:36:59.000000"
"321","2","eliminó_herencia","Relación de herencia eliminada entre 'CuentaCorriente' y 'Poligono'","2025-03-30 18:38:08.000000"
"322","2","creó_método","Método 'int retirar()' agregado a la clase 'CuentaCorriente' en proyecto 2","2025-03-30 18:45:59.000000"
"323","2","modificó_clase","Clase 'Vehiculo' modificada: se actualizó el modificador de acceso a 'protected'","2025-03-30 18:49:09.000000"
"324","2","estableció_herencia","Relación de herencia creada: 'Auto' extiende a 'Estudiante' en proyecto 2","2025-03-30 18:54:33.000000"
"325","2","compiló_java","Éxito en proyecto 2","2025-03-30 18:58:42.000000"
"326","2","guardó_código","Archivo: codigos_fuenteusuario_2proyecto_2Poligono.java","2025-03-30 19:04:05.000000"
"327","2","modificó_clase","Clase 'Estudiante' modificada: se actualizó el modificador de acceso a 'public'","2025-03-30 19:08:02.000000"
"328","2","estableció_herencia","Relación de herencia creada: 'Forma' extiende a 'Figura' en proyecto 2","2025-03-30 19:14:35.000000"
"329","2","creó_atributo","Atributo 'private double peso' agregado a la clase 'Estudiante' en proyecto 2","2025-03-30 19:20:32.000000"
"330","2","creó_atributo","Atributo 'private double anio' agregado a la clase 'Figura' en proyecto 2","2025-03-30 19:24:35.000000"
"331","2","creó_clase","Clase 'Nodo' creada en el diagrama (java). Archivo generado en codigos_fuenteusuario_2proyecto_2Nodo.java","2025-03-30 19:27:33.000000"
"332","2","eliminó_método","Método 'getEdad()' eliminado de la clase 'Poligono'","2025-03-30 19:29:01.000000"
"333","2","estableció_herencia","Relación de herencia creada: 'Cliente' extiende a 'Figura' en proyecto 2","2025-03-30 19:32:58.000000"
"334","2","creó_método","Método 'double obtenerInfo()' agregado a la clase 'Poligono' en proyecto 2","2025-03-30 19:33:38.000000"
"335","2","compiló_java","Éxito en proyecto 2","2025-03-30 19:36:54.000000"
"336","2","creó_clase","Clase 'ProductoDigital' creada en el diagrama (java). Archivo generado en codigos_fuenteusuario_2proyecto_2ProductoDigital.java","2025-03-30 19:38:51.000000"
"337","2","modificó_atributo","Atributo 'cargo' de clase 'Vehiculo' modificado: tipo cambiado a 'boolean'","2025-03-30 19:46:11.000000"
"338","2","creó_clase","Clase 'Cola' creada en el diagrama (java). Archivo generado en codigos_fuenteusuario_2proyecto_2Cola.java","2025-03-30 19:51:57.000000"
"339","2","modificó_clase","Clase 'ProductoDigital' modificada: se actualizó el modificador de acceso a 'protected'","2025-03-30 19:56:22.000000"
"340","2","guardó_código","Archivo: codigos_fuenteusuario_2proyecto_2Cliente.java","2025-03-30 20:03:57.000000"
"341","2","guardó_código","Archivo: codigos_fuenteusuario_2proyecto_2CuentaCorriente.java","2025-03-30 20:10:20.000000"
"342","2","creó_clase","Clase 'CuentaAhorro' creada en el diagrama (java). Archivo generado en codigos_fuenteusuario_2proyecto_2CuentaAhorro.java","2025-03-30 20:13:55.000000"
"343","2","cerró_sesión_inactividad","El sistema cerró la sesión por 10 min sin actividad. Usuario 2 en proyecto 2","2025-03-30 20:15:10.000000"
"344","2","abrió_sesión","Usuario 2 inició sesión y abrió el proyecto 2","2025-04-02 00:01:00.000000"
"345","2","creó_clase","Clase 'Empleado' creada en el diagrama (java). Archivo generado en codigos_fuenteusuario_2proyecto_2Empleado.java","2025-04-02 00:08:57.000000"
"346","2","compiló_java","Fallo en proyecto 2. error: cannot find symbol: variable descripcion","2025-04-02 00:13:27.000000"
"347","2","creó_atributo","Error: tipo de dato no reconocido en atributo de 'Cola'","2025-04-02 00:14:19.000000"
"348","2","modificó_atributo","Error: tipo incompatible al modificar atributo en 'ProductoDigital'","2025-04-02 00:20:14.000000"
"349","2","eliminó_herencia","Relación de herencia eliminada entre 'Auto' y 'Estudiante'","2025-04-02 00:24:02.000000"
"350","2","estableció_herencia","Error: herencia circular detectada entre 'Profesor' y 'Estudiante'","2025-04-02 00:27:43.000000"
"351","2","modificó_atributo","Atributo 'velocidad' de clase 'ProductoDigital' modificado: tipo cambiado a 'boolean'","2025-04-02 00:30:22.000000"
"352","2","creó_atributo","Atributo 'protected double kilometraje' agregado a la clase 'Profesor' en proyecto 2","2025-04-02 00:37:14.000000"
"353","2","creó_método","Método 'double setPrecio()' agregado a la clase 'Forma' en proyecto 2","2025-04-02 00:37:52.000000"
"354","2","modificó_atributo","Atributo 'radio' de clase 'Cliente' modificado: tipo cambiado a 'boolean'","2025-04-02 00:41:24.000000"
"355","2","guardó_código","Archivo: codigos_fuenteusuario_2proyecto_2CuentaCorriente.java","2025-04-02 00:48:37.000000"
"356","2","modificó_herencia","Relación de herencia modificada: 'Auto' ahora hereda de 'Figura' (antes diferente)","2025-04-02 00:49:41.000000"
"357","2","creó_atributo","Atributo 'private String kilometraje' agregado a la clase 'CuentaCorriente' en proyecto 2","2025-04-02 00:53:07.000000"
"358","2","compiló_java","Éxito en proyecto 2","2025-04-02 00:55:40.000000"
"359","2","creó_clase","Clase 'Perro' creada en el diagrama (java). Archivo generado en codigos_fuenteusuario_2proyecto_2Perro.java","2025-04-02 01:02:25.000000"
"360","2","creó_atributo","Error: tipo de dato no reconocido en atributo de 'ProductoDigital'","2025-04-02 01:08:31.000000"
"361","2","creó_método","Método 'String hablar()' agregado a la clase 'Auto' en proyecto 2","2025-04-02 01:14:22.000000"
"362","2","eliminó_método","Método 'obtenerInfo()' eliminado de la clase 'Empleado'","2025-04-02 01:15:45.000000"
"363","2","creó_atributo","Atributo 'private int tasa' agregado a la clase 'ProductoDigital' en proyecto 2","2025-04-02 01:22:50.000000"
"364","2","creó_método","Método 'void validar()' agregado a la clase 'Cliente' en proyecto 2","2025-04-02 01:28:17.000000"
"365","2","compiló_java","Éxito en proyecto 2","2025-04-02 01:35:03.000000"
"366","2","eliminó_herencia","Relación de herencia eliminada entre 'CuentaCorriente' y 'Profesor'","2025-04-02 01:42:00.000000"
"367","2","guardó_código","Archivo: codigos_fuenteusuario_2proyecto_2Perro.java","2025-04-02 01:45:20.000000"
"368","2","compiló_java","Éxito en proyecto 2","2025-04-02 01:46:58.000000"
"369","2","eliminó_herencia","Relación de herencia eliminada entre 'Forma' y 'Figura'","2025-04-02 01:47:50.000000"
"370","2","creó_método","Método 'int frenar()' agregado a la clase 'Poligono' en proyecto 2","2025-04-02 01:51:20.000000"
"371","2","compiló_java","Éxito en proyecto 2","2025-04-02 01:56:29.000000"
"372","2","eliminó_herencia","Relación de herencia eliminada entre 'Auto' y 'Figura'","2025-04-02 01:59:52.000000"
"373","2","creó_clase","Clase 'CuentaBancaria' creada en el diagrama (java). Archivo generado en codigos_fuenteusuario_2proyecto_2CuentaBancaria.java","2025-04-02 02:07:18.000000"
"374","2","compiló_java","Éxito en proyecto 2","2025-04-02 02:13:17.000000"
"375","2","creó_clase","Error al crear clase 'Rectangulo': nombre duplicado en proyecto 2","2025-04-02 02:15:16.000000"
"376","2","creó_método","Método 'void inicializar()' agregado a la clase 'Perro' en proyecto 2","2025-04-02 02:22:51.000000"
"377","2","eliminó_herencia","Relación de herencia eliminada entre 'Auto' y 'Poligono'","2025-04-02 02:29:59.000000"
"378","2","creó_atributo","Atributo 'public char matricula' agregado a la clase 'CuentaBancaria' en proyecto 2","2025-04-02 02:36:19.000000"
"379","2","eliminó_método","Método 'obtenerInfo()' eliminado de la clase 'Cliente'","2025-04-02 02:40:46.000000"
"380","2","compiló_java","Éxito en proyecto 2","2025-04-02 02:47:12.000000"
"381","2","guardó_código","Archivo: codigos_fuenteusuario_2proyecto_2Vehiculo.java","2025-04-02 02:51:47.000000"
"382","2","estableció_herencia","Error: herencia circular detectada entre 'Cola' y 'Forma'","2025-04-02 02:57:40.000000"
"383","2","estableció_herencia","Relación de herencia creada: 'Vehiculo' extiende a 'Poligono' en proyecto 2","2025-04-02 02:59:43.000000"
"384","2","modificó_clase","Clase 'Estudiante' modificada: se actualizó el modificador de acceso a 'protected'","2025-04-02 03:07:08.000000"
"385","2","creó_método","Método 'int inicializar()' agregado a la clase 'Poligono' en proyecto 2","2025-04-02 03:08:47.000000"
"386","2","modificó_método","Método 'getEdad()' de clase 'Cliente': cuerpo actualizado en editor Monaco","2025-04-02 03:09:49.000000"
"387","2","compiló_java","Éxito en proyecto 2","2025-04-02 03:16:25.000000"
"388","2","creó_clase","Clase 'ListaEnlazada' creada en el diagrama (java). Archivo generado en codigos_fuenteusuario_2proyecto_2ListaEnlazada.java","2025-04-02 03:23:32.000000"
"389","2","modificó_método","Método 'toString()' de clase 'Estudiante': cuerpo actualizado en editor Monaco","2025-04-02 03:27:56.000000"
"390","2","creó_método","Método 'String frenar()' agregado a la clase 'Figura' en proyecto 2","2025-04-02 03:28:44.000000"
"391","2","guardó_código","Archivo: codigos_fuenteusuario_2proyecto_2Perro.java","2025-04-02 03:31:44.000000"
"392","2","creó_atributo","Atributo 'protected String edad' agregado a la clase 'Cola' en proyecto 2","2025-04-02 03:33:57.000000"
"393","2","creó_método","Método 'int getEdad()' agregado a la clase 'CuentaAhorro' en proyecto 2","2025-04-02 03:34:49.000000"
"394","2","compiló_java","Éxito en proyecto 2","2025-04-02 03:42:04.000000"
"395","2","eliminó_herencia","Relación de herencia eliminada entre 'Cliente' y 'Figura'","2025-04-02 03:44:16.000000"
"396","2","creó_método","Método 'void calcularSalario()' agregado a la clase 'CuentaBancaria' en proyecto 2","2025-04-02 03:45:07.000000"
"397","2","modificó_atributo","Atributo 'edad' de clase 'Estudiante' modificado: tipo cambiado a 'double'","2025-04-02 03:48:18.000000"
"398","2","compiló_java","Éxito en proyecto 2","2025-04-02 03:51:26.000000"
"399","2","compiló_java","Fallo en proyecto 2. error: ';' expected","2025-04-02 03:56:19.000000"
"400","2","eliminó_herencia","Relación de herencia eliminada entre 'Vehiculo' y 'Poligono'","2025-04-02 04:00:12.000000"
"401","2","modificó_atributo","Atributo 'base' de clase 'Vehiculo' modificado: tipo cambiado a 'boolean'","2025-04-02 04:07:39.000000"
"402","2","estableció_herencia","Relación de herencia creada: 'Cola' extiende a 'CuentaCorriente' en proyecto 2","2025-04-02 04:12:47.000000"
"403","2","cerró_sesión_inactividad","El sistema cerró la sesión por 10 min sin actividad. Usuario 2 en proyecto 2","2025-04-02 04:17:19.000000"
"404","2","abrió_sesión","Usuario 2 inició sesión y abrió el proyecto 2","2025-04-11 02:30:00.000000"
"405","2","creó_método","Método 'String depositar()' agregado a la clase 'Cola' en proyecto 2","2025-04-11 02:35:04.000000"
"406","2","creó_método","Método 'int obtenerInfo()' agregado a la clase 'Perro' en proyecto 2","2025-04-11 02:35:38.000000"
"407","2","estableció_herencia","Relación de herencia creada: 'Cliente' extiende a 'Nodo' en proyecto 2","2025-04-11 02:43:21.000000"
"408","2","creó_método","Método 'boolean obtenerInfo()' agregado a la clase 'Vehiculo' en proyecto 2","2025-04-11 02:44:46.000000"
"409","2","eliminó_clase","Clase 'Vehiculo' eliminada del diagrama. Archivo físico removido del proyecto 2","2025-04-11 02:48:56.000000"
"410","2","creó_atributo","Atributo 'protected boolean lados' agregado a la clase 'Figura' en proyecto 2","2025-04-11 02:50:34.000000"
"411","2","creó_método","Método 'boolean setEdad()' agregado a la clase 'Figura' en proyecto 2","2025-04-11 02:53:19.000000"
"412","2","eliminó_atributo","Atributo 'velocidad' eliminado de la clase 'Forma'","2025-04-11 03:00:01.000000"
"413","2","modificó_método","Método 'caminar()' de clase 'ListaEnlazada': cuerpo actualizado en editor Monaco","2025-04-11 03:03:38.000000"
"414","2","compiló_java","Éxito en proyecto 2","2025-04-11 03:10:39.000000"
"415","2","guardó_código","Archivo: codigos_fuenteusuario_2proyecto_2Circulo.java","2025-04-11 03:14:35.000000"
"416","2","creó_atributo","Atributo 'public float saldo' agregado a la clase 'Perro' en proyecto 2","2025-04-11 03:18:12.000000"
"417","2","estableció_herencia","Relación de herencia creada: 'Cliente' extiende a 'Auto' en proyecto 2","2025-04-11 03:19:05.000000"
"418","2","eliminó_herencia","Relación de herencia eliminada entre 'Cliente' y 'Nodo'","2025-04-11 03:23:00.000000"
"419","2","modificó_herencia","Error al modificar herencia: clase base 'Auto' no compatible","2025-04-11 03:23:56.000000"
"420","2","creó_método","Método 'String getPrecio()' agregado a la clase 'ProductoDigital' en proyecto 2","2025-04-11 03:29:17.000000"
"421","2","guardó_código","Archivo: codigos_fuenteusuario_2proyecto_2CuentaBancaria.java","2025-04-11 03:34:34.000000"
"422","2","guardó_código","Archivo: codigos_fuenteusuario_2proyecto_2Forma.java","2025-04-11 03:36:43.000000"
"423","2","guardó_código","Archivo: codigos_fuenteusuario_2proyecto_2Nodo.java","2025-04-11 03:40:18.000000"
"424","2","eliminó_método","Método 'setPrecio()' eliminado de la clase 'Nodo'","2025-04-11 03:45:31.000000"
"425","2","creó_atributo","Atributo 'private double precio' agregado a la clase 'CuentaBancaria' en proyecto 2","2025-04-11 03:48:28.000000"
"426","2","estableció_herencia","Error: herencia circular detectada entre 'Cola' y 'CuentaAhorro'","2025-04-11 03:49:35.000000"
"427","2","creó_atributo","Atributo 'protected double peso' agregado a la clase 'Profesor' en proyecto 2","2025-04-11 03:53:22.000000"
"428","2","eliminó_método","Método 'validar()' eliminado de la clase 'Estudiante'","2025-04-11 03:58:10.000000"
"429","2","estableció_herencia","Relación de herencia creada: 'Profesor' extiende a 'Estudiante' en proyecto 2","2025-04-11 04:02:30.000000"
"430","2","guardó_código","Archivo: codigos_fuenteusuario_2proyecto_2Forma.java","2025-04-11 04:09:31.000000"
"431","2","guardó_código","Archivo: codigos_fuenteusuario_2proyecto_2ListaEnlazada.java","2025-04-11 04:14:42.000000"
"432","2","creó_clase","Clase 'Gerente' creada en el diagrama (java). Archivo generado en codigos_fuenteusuario_2proyecto_2Gerente.java","2025-04-11 04:17:35.000000"
"433","2","modificó_clase","Clase 'CuentaBancaria' modificada: se actualizó el modificador de acceso a 'public'","2025-04-11 04:25:07.000000"
"434","2","eliminó_herencia","Relación de herencia eliminada entre 'Cola' y 'CuentaCorriente'","2025-04-11 04:30:56.000000"
"435","2","modificó_atributo","Atributo 'codigo' de clase 'CuentaBancaria' modificado: tipo cambiado a 'double'","2025-04-11 04:37:14.000000"
"436","2","modificó_método","Error de sintaxis al modificar método en 'Nodo'","2025-04-11 04:42:56.000000"
"437","2","modificó_método","Método 'setNombre()' de clase 'Poligono': cuerpo actualizado en editor Monaco","2025-04-11 04:44:26.000000"
"438","2","creó_atributo","Atributo 'protected float edad' agregado a la clase 'Cliente' en proyecto 2","2025-04-11 04:46:01.000000"
"439","2","modificó_herencia","Error al modificar herencia: clase base 'Estudiante' no compatible","2025-04-11 04:47:20.000000"
"440","2","creó_atributo","Atributo 'protected double descripcion' agregado a la clase 'Figura' en proyecto 2","2025-04-11 04:51:11.000000"
"441","2","creó_método","Error: firma duplicada al crear método en 'Gerente'","2025-04-11 04:54:52.000000"
"442","2","compiló_java","Éxito en proyecto 2","2025-04-11 05:02:08.000000"
"443","2","compiló_java","Éxito en proyecto 2","2025-04-11 05:05:31.000000"
"444","2","modificó_método","Método 'obtenerNombre()' de clase 'Perro': cuerpo actualizado en editor Monaco","2025-04-11 05:10:46.000000"
"445","2","compiló_java","Éxito en proyecto 2","2025-04-11 05:14:23.000000"
"446","2","guardó_código","Archivo: codigos_fuenteusuario_2proyecto_2CuentaCorriente.java","2025-04-11 05:21:19.000000"
"447","2","compiló_java","Éxito en proyecto 2","2025-04-11 05:23:02.000000"
"448","2","creó_atributo","Atributo 'protected float color' agregado a la clase 'Poligono' en proyecto 2","2025-04-11 05:25:13.000000"
"449","2","creó_clase","Clase 'Rectangulo' creada en el diagrama (java). Archivo generado en codigos_fuenteusuario_2proyecto_2Rectangulo.java","2025-04-11 05:30:51.000000"
"450","2","cerró_sesión_inactividad","El sistema cerró la sesión por 10 min sin actividad. Usuario 2 en proyecto 2","2025-04-11 05:35:41.000000"
"451","2","abrió_sesión","Usuario 2 inició sesión y abrió el proyecto 2","2025-04-20 01:46:00.000000"
"452","2","eliminó_clase","Clase 'Nodo' eliminada del diagrama. Archivo físico removido del proyecto 2","2025-04-20 01:48:43.000000"
"453","2","creó_atributo","Atributo 'private float color' agregado a la clase 'ProductoDigital' en proyecto 2","2025-04-20 01:54:47.000000"
"454","2","eliminó_método","Método 'toString()' eliminado de la clase 'CuentaBancaria'","2025-04-20 01:58:21.000000"
"455","2","estableció_herencia","Relación de herencia creada: 'CuentaCorriente' extiende a 'Rectangulo' en proyecto 2","2025-04-20 02:04:45.000000"
"456","2","creó_método","Método 'void hablar()' agregado a la clase 'Poligono' en proyecto 2","2025-04-20 02:07:15.000000"
"457","2","creó_clase","Clase 'ProductoFisico' creada en el diagrama (java). Archivo generado en codigos_fuenteusuario_2proyecto_2ProductoFisico.java","2025-04-20 02:08:16.000000"
"458","2","creó_método","Método 'boolean arrancar()' agregado a la clase 'CuentaCorriente' en proyecto 2","2025-04-20 02:14:27.000000"
"459","2","modificó_clase","Clase 'CuentaBancaria' modificada: se actualizó el modificador de acceso a 'protected'","2025-04-20 02:15:57.000000"
"460","2","creó_clase","Clase 'Nodo' creada en el diagrama (java). Archivo generado en codigos_fuenteusuario_2proyecto_2Nodo.java","2025-04-20 02:20:25.000000"
"461","2","modificó_atributo","Atributo 'salario' de clase 'Auto' modificado: tipo cambiado a 'boolean'","2025-04-20 02:23:32.000000"
"462","2","cerró_sesión_inactividad","El sistema cerró la sesión por 10 min sin actividad. Usuario 2 en proyecto 2","2025-04-20 02:25:23.000000"
"463","2","abrió_sesión","Usuario 2 inició sesión y abrió el proyecto 2","2025-04-24 04:19:00.000000"
"464","2","creó_método","Método 'double calcularArea()' agregado a la clase 'Poligono' en proyecto 2","2025-04-24 04:22:52.000000"
"465","2","guardó_código","Archivo: codigos_fuenteusuario_2proyecto_2Auto.java","2025-04-24 04:25:32.000000"
"466","2","eliminó_método","Método 'setEdad()' eliminado de la clase 'Cliente'","2025-04-24 04:33:00.000000"
"467","2","creó_atributo","Error: tipo de dato no reconocido en atributo de 'Perro'","2025-04-24 04:33:31.000000"
"468","2","compiló_java","Fallo en proyecto 2. error: incompatible types: String cannot be converted to int","2025-04-24 04:40:22.000000"
"469","2","modificó_método","Método 'retirar()' de clase 'Profesor': cuerpo actualizado en editor Monaco","2025-04-24 04:42:43.000000"
"470","2","creó_atributo","Atributo 'private int tasa' agregado a la clase 'Rectangulo' en proyecto 2","2025-04-24 04:48:09.000000"
"471","2","modificó_atributo","Atributo 'lados' de clase 'ProductoDigital' modificado: tipo cambiado a 'boolean'","2025-04-24 04:49:16.000000"
"472","2","compiló_java","Éxito en proyecto 2","2025-04-24 04:50:09.000000"
"473","2","modificó_clase","Clase 'CuentaAhorro' modificada: se actualizó el modificador de acceso a 'protected'","2025-04-24 04:54:15.000000"
"474","2","creó_clase","Clase 'Triangulo' creada en el diagrama (java). Archivo generado en codigos_fuenteusuario_2proyecto_2Triangulo.java","2025-04-24 04:57:41.000000"
"475","2","cerró_sesión_inactividad","El sistema cerró la sesión por 10 min sin actividad. Usuario 2 en proyecto 2","2025-04-24 05:04:09.000000"
"476","3","abrió_sesión","Usuario 3 inició sesión y abrió el proyecto 3","2025-02-07 16:15:00.000000"
"477","3","creó_clase","Clase 'CuentaAhorro' creada en el diagrama (cpp). Archivo generado en codigos_fuenteusuario_3proyecto_3CuentaAhorro.cpp","2025-02-07 16:18:55.000000"
"478","3","modificó_clase","Error al modificar clase 'CuentaAhorro': nombre inválido","2025-02-07 16:23:09.000000"
"479","3","guardó_código","Archivo: codigos_fuenteusuario_3proyecto_3CuentaAhorro.cpp","2025-02-07 16:25:38.000000"
"480","3","creó_clase","Clase 'CuentaCorriente' creada en el diagrama (cpp). Archivo generado en codigos_fuenteusuario_3proyecto_3CuentaCorriente.cpp","2025-02-07 16:30:44.000000"
"481","3","creó_método","Método 'void aplicarDescuento()' agregado a la clase 'CuentaAhorro' en proyecto 3","2025-02-07 16:33:05.000000"
"482","3","estableció_herencia","Relación de herencia creada: 'CuentaAhorro' extiende a 'CuentaCorriente' en proyecto 3","2025-02-07 16:40:01.000000"
"483","3","modificó_clase","Clase 'CuentaCorriente' modificada: se actualizó el modificador de acceso a 'protected'","2025-02-07 16:47:53.000000"
"484","3","guardó_código","Archivo: codigos_fuenteusuario_3proyecto_3CuentaCorriente.cpp","2025-02-07 16:55:00.000000"
"485","3","creó_atributo","Atributo 'public int salario' agregado a la clase 'CuentaAhorro' en proyecto 3","2025-02-07 16:55:58.000000"
"486","3","eliminó_herencia","Relación de herencia eliminada entre 'CuentaAhorro' y 'CuentaCorriente'","2025-02-07 16:57:39.000000"
"487","3","guardó_código","Archivo: codigos_fuenteusuario_3proyecto_3CuentaCorriente.cpp","2025-02-07 17:02:26.000000"
"488","3","compiló_cpp","Fallo en proyecto 3. error: expected ';' before '}' token","2025-02-07 17:05:24.000000"
"489","3","guardó_código","Archivo: codigos_fuenteusuario_3proyecto_3CuentaAhorro.cpp","2025-02-07 17:07:53.000000"
"490","3","compiló_cpp","Éxito en proyecto 3","2025-02-07 17:15:20.000000"
"491","3","cerró_sesión_inactividad","El sistema cerró la sesión por 10 min sin actividad. Usuario 3 en proyecto 3","2025-02-07 17:22:04.000000"
"492","3","abrió_sesión","Usuario 3 inició sesión y abrió el proyecto 3","2025-03-31 20:58:00.000000"
"493","3","creó_atributo","Atributo 'protected double descripcion' agregado a la clase 'CuentaAhorro' en proyecto 3","2025-03-31 21:00:18.000000"
"494","3","creó_método","Método 'String acelerar()' agregado a la clase 'CuentaCorriente' en proyecto 3","2025-03-31 21:02:25.000000"
"495","3","modificó_atributo","Atributo 'cargo' de clase 'CuentaCorriente' modificado: tipo cambiado a 'double'","2025-03-31 21:09:14.000000"
"496","3","creó_atributo","Atributo 'public String marca' agregado a la clase 'CuentaAhorro' en proyecto 3","2025-03-31 21:10:44.000000"
"497","3","creó_clase","Error al crear clase 'CuentaBancaria': nombre duplicado en proyecto 3","2025-03-31 21:17:36.000000"
"498","3","guardó_código","Archivo: codigos_fuenteusuario_3proyecto_3CuentaCorriente.cpp","2025-03-31 21:24:32.000000"
"499","3","creó_atributo","Atributo 'public float tasa' agregado a la clase 'CuentaAhorro' en proyecto 3","2025-03-31 21:29:07.000000"
"500","3","guardó_código","Archivo: codigos_fuenteusuario_3proyecto_3CuentaCorriente.cpp","2025-03-31 21:31:41.000000"
"501","3","estableció_herencia","Relación de herencia creada: 'CuentaAhorro' extiende a 'CuentaCorriente' en proyecto 3","2025-03-31 21:38:07.000000"
"502","3","guardó_código","Archivo: codigos_fuenteusuario_3proyecto_3CuentaCorriente.cpp","2025-03-31 21:43:46.000000"
"503","3","cerró_sesión_inactividad","El sistema cerró la sesión por 10 min sin actividad. Usuario 3 en proyecto 3","2025-03-31 21:50:16.000000"
"504","3","abrió_sesión","Usuario 3 inició sesión y abrió el proyecto 3","2025-04-21 02:03:00.000000"
"505","3","creó_clase","Clase 'Profesor' creada en el diagrama (cpp). Archivo generado en codigos_fuenteusuario_3proyecto_3Profesor.cpp","2025-04-21 02:03:47.000000"
"506","3","creó_clase","Clase 'Animal' creada en el diagrama (cpp). Archivo generado en codigos_fuenteusuario_3proyecto_3Animal.cpp","2025-04-21 02:11:26.000000"
"507","3","creó_método","Método 'boolean arrancar()' agregado a la clase 'CuentaAhorro' en proyecto 3","2025-04-21 02:19:09.000000"
"508","3","estableció_herencia","Relación de herencia creada: 'CuentaCorriente' extiende a 'CuentaAhorro' en proyecto 3","2025-04-21 02:20:17.000000"
"509","3","guardó_código","Archivo: codigos_fuenteusuario_3proyecto_3Animal.cpp","2025-04-21 02:27:45.000000"
"510","3","eliminó_clase","Clase 'Profesor' eliminada del diagrama. Archivo físico removido del proyecto 3","2025-04-21 02:33:57.000000"
"511","3","modificó_método","Método 'arrancar()' de clase 'Animal': cuerpo actualizado en editor Monaco","2025-04-21 02:34:51.000000"
"512","3","modificó_herencia","Error al modificar herencia: clase base 'CuentaCorriente' no compatible","2025-04-21 02:41:52.000000"
"513","3","compiló_cpp","Fallo en proyecto 3. error: expected unqualified-id before 'return'","2025-04-21 02:42:25.000000"
"514","3","creó_método","Error: firma duplicada al crear método en 'CuentaAhorro'","2025-04-21 02:46:26.000000"
"515","3","estableció_herencia","Relación de herencia creada: 'Animal' extiende a 'CuentaCorriente' en proyecto 3","2025-04-21 02:48:06.000000"
"516","3","compiló_cpp","Éxito en proyecto 3","2025-04-21 02:55:47.000000"
"517","3","creó_método","Error: firma duplicada al crear método en 'CuentaAhorro'","2025-04-21 03:01:39.000000"
"518","3","modificó_clase","Clase 'CuentaAhorro' modificada: se actualizó el modificador de acceso a 'public'","2025-04-21 03:04:07.000000"
"519","3","creó_método","Método 'double getEdad()' agregado a la clase 'CuentaCorriente' en proyecto 3","2025-04-21 03:05:11.000000"
"520","3","creó_clase","Clase 'Gerente' creada en el diagrama (cpp). Archivo generado en codigos_fuenteusuario_3proyecto_3Gerente.cpp","2025-04-21 03:11:43.000000"
"521","3","creó_método","Método 'double caminar()' agregado a la clase 'Gerente' en proyecto 3","2025-04-21 03:13:30.000000"
"522","3","eliminó_clase","Clase 'Gerente' eliminada del diagrama. Archivo físico removido del proyecto 3","2025-04-21 03:14:04.000000"
"523","3","creó_atributo","Atributo 'protected int peso' agregado a la clase 'Animal' en proyecto 3","2025-04-21 03:16:25.000000"
"524","3","creó_atributo","Atributo 'protected char color' agregado a la clase 'CuentaAhorro' en proyecto 3","2025-04-21 03:21:13.000000"
"525","3","creó_atributo","Atributo 'protected float codigo' agregado a la clase 'CuentaCorriente' en proyecto 3","2025-04-21 03:25:36.000000"
"526","3","modificó_clase","Clase 'CuentaCorriente' modificada: se actualizó el modificador de acceso a 'private'","2025-04-21 03:29:17.000000"
"527","3","creó_método","Método 'void calcularPerimetro()' agregado a la clase 'CuentaCorriente' en proyecto 3","2025-04-21 03:30:17.000000"
"528","3","creó_atributo","Atributo 'protected double modelo' agregado a la clase 'CuentaAhorro' en proyecto 3","2025-04-21 03:36:03.000000"
"529","3","creó_atributo","Atributo 'public char peso' agregado a la clase 'CuentaAhorro' en proyecto 3","2025-04-21 03:41:59.000000"
"530","3","creó_método","Método 'int caminar()' agregado a la clase 'CuentaAhorro' en proyecto 3","2025-04-21 03:48:10.000000"
"531","3","guardó_código","Archivo: codigos_fuenteusuario_3proyecto_3CuentaAhorro.cpp","2025-04-21 03:53:55.000000"
"532","3","creó_método","Método 'String toString()' agregado a la clase 'CuentaCorriente' en proyecto 3","2025-04-21 03:58:32.000000"
"533","3","creó_atributo","Atributo 'private double radio' agregado a la clase 'CuentaCorriente' en proyecto 3","2025-04-21 04:04:39.000000"
"534","3","modificó_método","Método 'consultarSaldo()' de clase 'Animal': cuerpo actualizado en editor Monaco","2025-04-21 04:09:18.000000"
"535","3","modificó_clase","Clase 'CuentaCorriente' modificada: se actualizó el modificador de acceso a 'private'","2025-04-21 04:09:56.000000"
"536","3","compiló_cpp","Éxito en proyecto 3","2025-04-21 04:10:29.000000"
"537","3","modificó_atributo","Atributo 'anio' de clase 'CuentaCorriente' modificado: tipo cambiado a 'boolean'","2025-04-21 04:15:31.000000"
"538","3","creó_atributo","Atributo 'protected float saldo' agregado a la clase 'CuentaAhorro' en proyecto 3","2025-04-21 04:20:43.000000"
"539","3","modificó_herencia","Relación de herencia modificada: 'CuentaCorriente' ahora hereda de 'CuentaAhorro' (antes diferente)","2025-04-21 04:24:43.000000"
"540","3","modificó_método","Error de sintaxis al modificar método en 'Animal'","2025-04-21 04:25:19.000000"
"541","3","creó_atributo","Atributo 'private double base' agregado a la clase 'CuentaAhorro' en proyecto 3","2025-04-21 04:25:57.000000"
"542","3","guardó_código","Archivo: codigos_fuenteusuario_3proyecto_3Animal.cpp","2025-04-21 04:30:58.000000"
"543","3","guardó_código","Archivo: codigos_fuenteusuario_3proyecto_3Animal.cpp","2025-04-21 04:37:37.000000"
"544","3","creó_clase","Clase 'Cola' creada en el diagrama (cpp). Archivo generado en codigos_fuenteusuario_3proyecto_3Cola.cpp","2025-04-21 04:40:27.000000"
"545","3","modificó_atributo","Atributo 'peso' de clase 'CuentaCorriente' modificado: tipo cambiado a 'float'","2025-04-21 04:45:31.000000"
"546","3","modificó_clase","Clase 'Cola' modificada: se actualizó el modificador de acceso a 'private'","2025-04-21 04:48:27.000000"
"547","3","eliminó_atributo","Atributo 'peso' eliminado de la clase 'CuentaCorriente'","2025-04-21 04:49:05.000000"
"548","3","eliminó_herencia","Relación de herencia eliminada entre 'CuentaCorriente' y 'CuentaAhorro'","2025-04-21 04:53:52.000000"
"549","3","creó_método","Método 'boolean hablar()' agregado a la clase 'Cola' en proyecto 3","2025-04-21 05:01:18.000000"
"550","3","modificó_clase","Clase 'CuentaAhorro' modificada: se actualizó el modificador de acceso a 'protected'","2025-04-21 05:07:45.000000"
"551","3","guardó_código","Archivo: codigos_fuenteusuario_3proyecto_3Animal.cpp","2025-04-21 05:14:00.000000"
"552","3","creó_método","Método 'double setEdad()' agregado a la clase 'CuentaAhorro' en proyecto 3","2025-04-21 05:18:10.000000"
"553","3","modificó_herencia","Relación de herencia modificada: 'Animal' ahora hereda de 'CuentaCorriente' (antes diferente)","2025-04-21 05:25:32.000000"
"554","3","guardó_código","Archivo: codigos_fuenteusuario_3proyecto_3CuentaAhorro.cpp","2025-04-21 05:27:33.000000"
"555","3","modificó_atributo","Atributo 'kilometraje' de clase 'CuentaCorriente' modificado: tipo cambiado a 'boolean'","2025-04-21 05:28:57.000000"
"556","3","creó_atributo","Atributo 'protected double altura' agregado a la clase 'CuentaCorriente' en proyecto 3","2025-04-21 05:30:16.000000"
"557","3","modificó_clase","Error al modificar clase 'CuentaAhorro': nombre inválido","2025-04-21 05:35:14.000000"
"558","3","creó_atributo","Atributo 'protected boolean saldo' agregado a la clase 'CuentaCorriente' en proyecto 3","2025-04-21 05:37:00.000000"
"559","3","modificó_atributo","Atributo 'salario' de clase 'Animal' modificado: tipo cambiado a 'double'","2025-04-21 05:39:33.000000"
"560","3","creó_atributo","Atributo 'protected int altura' agregado a la clase 'CuentaAhorro' en proyecto 3","2025-04-21 05:41:41.000000"
"561","3","modificó_método","Método 'transferir()' de clase 'CuentaAhorro': cuerpo actualizado en editor Monaco","2025-04-21 05:47:28.000000"
"562","3","creó_método","Método 'double toString()' agregado a la clase 'CuentaCorriente' en proyecto 3","2025-04-21 05:52:27.000000"
"563","3","compiló_cpp","Éxito en proyecto 3","2025-04-21 05:55:06.000000"
"564","3","modificó_método","Método 'obtenerNombre()' de clase 'CuentaCorriente': cuerpo actualizado en editor Monaco","2025-04-21 06:02:33.000000"
"565","3","modificó_atributo","Atributo 'nombre' de clase 'CuentaCorriente' modificado: tipo cambiado a 'String'","2025-04-21 06:06:04.000000"
"566","3","guardó_código","Archivo: codigos_fuenteusuario_3proyecto_3CuentaCorriente.cpp","2025-04-21 06:08:50.000000"
"567","3","creó_método","Método 'int validar()' agregado a la clase 'CuentaAhorro' en proyecto 3","2025-04-21 06:16:07.000000"
"568","3","creó_atributo","Atributo 'protected char precio' agregado a la clase 'Animal' en proyecto 3","2025-04-21 06:20:00.000000"
"569","3","creó_método","Método 'void inicializar()' agregado a la clase 'Animal' en proyecto 3","2025-04-21 06:21:10.000000"
"570","3","creó_atributo","Atributo 'public char velocidad' agregado a la clase 'Animal' en proyecto 3","2025-04-21 06:24:51.000000"
"571","3","estableció_herencia","Relación de herencia creada: 'Cola' extiende a 'CuentaAhorro' en proyecto 3","2025-04-21 06:28:48.000000"
"572","3","guardó_código","Archivo: codigos_fuenteusuario_3proyecto_3CuentaAhorro.cpp","2025-04-21 06:33:13.000000"
"573","3","guardó_código","Archivo: codigos_fuenteusuario_3proyecto_3CuentaAhorro.cpp","2025-04-21 06:38:32.000000"
"574","3","creó_método","Método 'boolean depositar()' agregado a la clase 'CuentaCorriente' en proyecto 3","2025-04-21 06:41:06.000000"
"575","3","modificó_atributo","Atributo 'matricula' de clase 'Cola' modificado: tipo cambiado a 'String'","2025-04-21 06:47:32.000000"
"576","3","creó_método","Método 'double arrancar()' agregado a la clase 'CuentaCorriente' en proyecto 3","2025-04-21 06:49:57.000000"
"577","3","compiló_cpp","Fallo en proyecto 3. error: expected ';' before '}' token","2025-04-21 06:53:00.000000"
"578","3","modificó_herencia","Relación de herencia modificada: 'Cola' ahora hereda de 'CuentaAhorro' (antes diferente)","2025-04-21 06:59:20.000000"
"579","3","eliminó_clase","Clase 'Cola' eliminada del diagrama. Archivo físico removido del proyecto 3","2025-04-21 07:06:53.000000"
"580","3","creó_método","Método 'int obtenerNombre()' agregado a la clase 'CuentaCorriente' en proyecto 3","2025-04-21 07:14:37.000000"
"581","3","cerró_sesión_inactividad","El sistema cerró la sesión por 10 min sin actividad. Usuario 3 en proyecto 3","2025-04-21 07:15:48.000000"
"582","3","abrió_sesión","Usuario 3 inició sesión y abrió el proyecto 3","2025-04-29 00:18:00.000000"
"583","3","creó_atributo","Error: tipo de dato no reconocido en atributo de 'CuentaAhorro'","2025-04-29 00:25:09.000000"
"584","3","guardó_código","Archivo: codigos_fuenteusuario_3proyecto_3CuentaCorriente.cpp","2025-04-29 00:29:33.000000"
"585","3","modificó_atributo","Error: tipo incompatible al modificar atributo en 'CuentaAhorro'","2025-04-29 00:34:52.000000"
"586","3","guardó_código","Archivo: codigos_fuenteusuario_3proyecto_3CuentaAhorro.cpp","2025-04-29 00:41:42.000000"
"587","3","creó_método","Método 'boolean setPrecio()' agregado a la clase 'Animal' en proyecto 3","2025-04-29 00:48:47.000000"
"588","3","modificó_atributo","Atributo 'saldo' de clase 'Animal' modificado: tipo cambiado a 'String'","2025-04-29 00:55:49.000000"
"589","3","creó_método","Método 'boolean getEdad()' agregado a la clase 'CuentaAhorro' en proyecto 3","2025-04-29 01:00:32.000000"
"590","3","creó_atributo","Atributo 'protected boolean codigo' agregado a la clase 'CuentaAhorro' en proyecto 3","2025-04-29 01:05:43.000000"
"591","3","eliminó_herencia","Relación de herencia eliminada entre 'CuentaAhorro' y 'CuentaCorriente'","2025-04-29 01:10:34.000000"
"592","3","estableció_herencia","Relación de herencia creada: 'CuentaAhorro' extiende a 'CuentaCorriente' en proyecto 3","2025-04-29 01:12:01.000000"
"593","3","guardó_código","Archivo: codigos_fuenteusuario_3proyecto_3CuentaAhorro.cpp","2025-04-29 01:17:24.000000"
"594","3","creó_atributo","Atributo 'protected float kilometraje' agregado a la clase 'Animal' en proyecto 3","2025-04-29 01:18:52.000000"
"595","3","creó_método","Método 'double toString()' agregado a la clase 'CuentaAhorro' en proyecto 3","2025-04-29 01:21:39.000000"
"596","3","creó_clase","Clase 'Poligono' creada en el diagrama (cpp). Archivo generado en codigos_fuenteusuario_3proyecto_3Poligono.cpp","2025-04-29 01:28:45.000000"
"597","3","creó_atributo","Atributo 'protected float radio' agregado a la clase 'CuentaAhorro' en proyecto 3","2025-04-29 01:33:53.000000"
"598","3","creó_método","Error: firma duplicada al crear método en 'Animal'","2025-04-29 01:41:24.000000"
"599","3","eliminó_atributo","Atributo 'kilometraje' eliminado de la clase 'CuentaAhorro'","2025-04-29 01:45:01.000000"
"600","3","compiló_cpp","Fallo en proyecto 3. error: 'class' redefinition","2025-04-29 01:50:08.000000"
"601","3","creó_método","Método 'String frenar()' agregado a la clase 'CuentaCorriente' en proyecto 3","2025-04-29 01:57:39.000000"
"602","3","creó_método","Método 'void arrancar()' agregado a la clase 'CuentaCorriente' en proyecto 3","2025-04-29 02:04:36.000000"
"603","3","modificó_clase","Clase 'CuentaAhorro' modificada: se actualizó el modificador de acceso a 'private'","2025-04-29 02:05:27.000000"
"604","3","modificó_clase","Error al modificar clase 'CuentaAhorro': nombre inválido","2025-04-29 02:12:26.000000"
"605","3","modificó_atributo","Error: tipo incompatible al modificar atributo en 'Poligono'","2025-04-29 02:19:04.000000"
"606","3","guardó_código","Archivo: codigos_fuenteusuario_3proyecto_3Poligono.cpp","2025-04-29 02:23:19.000000"
"607","3","estableció_herencia","Error: herencia circular detectada entre 'CuentaAhorro' y 'Animal'","2025-04-29 02:28:28.000000"
"608","3","creó_clase","Clase 'Profesor' creada en el diagrama (cpp). Archivo generado en codigos_fuenteusuario_3proyecto_3Profesor.cpp","2025-04-29 02:30:49.000000"
"609","3","modificó_método","Método 'setNombre()' de clase 'Animal': cuerpo actualizado en editor Monaco","2025-04-29 02:34:56.000000"
"610","3","modificó_método","Método 'transferir()' de clase 'Poligono': cuerpo actualizado en editor Monaco","2025-04-29 02:36:18.000000"
"611","3","modificó_método","Método 'obtenerNombre()' de clase 'Poligono': cuerpo actualizado en editor Monaco","2025-04-29 02:43:04.000000"
"612","3","modificó_atributo","Atributo 'tasa' de clase 'CuentaCorriente' modificado: tipo cambiado a 'boolean'","2025-04-29 02:50:38.000000"
"613","3","cerró_sesión_inactividad","El sistema cerró la sesión por 10 min sin actividad. Usuario 3 en proyecto 3","2025-04-29 02:56:42.000000"
"614","4","abrió_sesión","Usuario 4 inició sesión y abrió el proyecto 4","2025-02-10 21:23:00.000000"
"615","4","creó_clase","Clase 'CuentaBancaria' creada en el diagrama (java). Archivo generado en codigos_fuenteusuario_4proyecto_4CuentaBancaria.java","2025-02-10 21:24:40.000000"
"616","4","creó_método","Método 'String getPrecio()' agregado a la clase 'CuentaBancaria' en proyecto 4","2025-02-10 21:28:25.000000"
"617","4","creó_atributo","Atributo 'public double base' agregado a la clase 'CuentaBancaria' en proyecto 4","2025-02-10 21:35:31.000000"
"618","4","modificó_método","Método 'transferir()' de clase 'CuentaBancaria': cuerpo actualizado en editor Monaco","2025-02-10 21:42:57.000000"
"619","4","creó_atributo","Atributo 'private boolean anio' agregado a la clase 'CuentaBancaria' en proyecto 4","2025-02-10 21:49:52.000000"
"620","4","compiló_java","Fallo en proyecto 4. error: incompatible types: String cannot be converted to int","2025-02-10 21:57:49.000000"
"621","4","creó_atributo","Atributo 'private int cargo' agregado a la clase 'CuentaBancaria' en proyecto 4","2025-02-10 21:59:27.000000"
"622","4","creó_clase","Clase 'Camion' creada en el diagrama (java). Archivo generado en codigos_fuenteusuario_4proyecto_4Camion.java","2025-02-10 22:05:25.000000"
"623","4","estableció_herencia","Relación de herencia creada: 'CuentaBancaria' extiende a 'Camion' en proyecto 4","2025-02-10 22:11:41.000000"
"624","4","modificó_atributo","Atributo 'anio' de clase 'Camion' modificado: tipo cambiado a 'boolean'","2025-02-10 22:13:24.000000"
"625","4","guardó_código","Archivo: codigos_fuenteusuario_4proyecto_4CuentaBancaria.java","2025-02-10 22:14:29.000000"
"626","4","creó_clase","Error al crear clase 'Persona': nombre duplicado en proyecto 4","2025-02-10 22:19:30.000000"
"627","4","creó_método","Método 'void setEdad()' agregado a la clase 'CuentaBancaria' en proyecto 4","2025-02-10 22:24:48.000000"
"628","4","eliminó_clase","Clase 'CuentaBancaria' eliminada del diagrama. Archivo físico removido del proyecto 4","2025-02-10 22:25:22.000000"
"629","4","modificó_método","Método 'getEdad()' de clase 'Camion': cuerpo actualizado en editor Monaco","2025-02-10 22:31:04.000000"
"630","4","guardó_código","Archivo: codigos_fuenteusuario_4proyecto_4Camion.java","2025-02-10 22:37:06.000000"
"631","4","creó_clase","Clase 'Nodo' creada en el diagrama (java). Archivo generado en codigos_fuenteusuario_4proyecto_4Nodo.java","2025-02-10 22:39:00.000000"
"632","4","modificó_clase","Error al modificar clase 'Camion': nombre inválido","2025-02-10 22:43:15.000000"
"633","4","modificó_clase","Clase 'Nodo' modificada: se actualizó el modificador de acceso a 'private'","2025-02-10 22:46:44.000000"
"634","4","creó_método","Método 'String toString()' agregado a la clase 'Camion' en proyecto 4","2025-02-10 22:53:23.000000"
"635","4","guardó_código","Archivo: codigos_fuenteusuario_4proyecto_4Camion.java","2025-02-10 22:55:42.000000"
"636","4","modificó_atributo","Atributo 'edad' de clase 'Camion' modificado: tipo cambiado a 'float'","2025-02-10 23:01:33.000000"
"637","4","creó_atributo","Atributo 'public boolean altura' agregado a la clase 'Camion' en proyecto 4","2025-02-10 23:08:26.000000"
"638","4","guardó_código","Archivo: codigos_fuenteusuario_4proyecto_4Camion.java","2025-02-10 23:10:13.000000"
"639","4","creó_clase","Clase 'Hexagono' creada en el diagrama (java). Archivo generado en codigos_fuenteusuario_4proyecto_4Hexagono.java","2025-02-10 23:14:13.000000"
"640","4","modificó_atributo","Atributo 'color' de clase 'Camion' modificado: tipo cambiado a 'String'","2025-02-10 23:19:58.000000"
"641","4","creó_método","Error: firma duplicada al crear método en 'Camion'","2025-02-10 23:26:19.000000"
"642","4","modificó_método","Método 'transferir()' de clase 'Hexagono': cuerpo actualizado en editor Monaco","2025-02-10 23:30:35.000000"
"643","4","compiló_java","Éxito en proyecto 4","2025-02-10 23:38:25.000000"
"644","4","creó_método","Método 'void getPrecio()' agregado a la clase 'Camion' en proyecto 4","2025-02-10 23:40:46.000000"
"645","4","guardó_código","Archivo: codigos_fuenteusuario_4proyecto_4Camion.java","2025-02-10 23:42:00.000000"
"646","4","estableció_herencia","Error: herencia circular detectada entre 'Camion' y 'Nodo'","2025-02-10 23:43:21.000000"
"647","4","eliminó_atributo","Atributo 'peso' eliminado de la clase 'Nodo'","2025-02-10 23:45:02.000000"
"648","4","modificó_atributo","Atributo 'codigo' de clase 'Hexagono' modificado: tipo cambiado a 'boolean'","2025-02-10 23:51:57.000000"
"649","4","eliminó_clase","Clase 'Camion' eliminada del diagrama. Archivo físico removido del proyecto 4","2025-02-10 23:53:30.000000"
"650","4","estableció_herencia","Relación de herencia creada: 'Hexagono' extiende a 'Nodo' en proyecto 4","2025-02-10 23:59:01.000000"
"651","4","creó_clase","Clase 'CuentaBancaria' creada en el diagrama (java). Archivo generado en codigos_fuenteusuario_4proyecto_4CuentaBancaria.java","2025-02-11 00:05:44.000000"
"652","4","estableció_herencia","Relación de herencia creada: 'Nodo' extiende a 'Hexagono' en proyecto 4","2025-02-11 00:09:30.000000"
"653","4","estableció_herencia","Relación de herencia creada: 'Hexagono' extiende a 'CuentaBancaria' en proyecto 4","2025-02-11 00:12:59.000000"
"654","4","eliminó_herencia","Relación de herencia eliminada entre 'Nodo' y 'Hexagono'","2025-02-11 00:17:08.000000"
"655","4","eliminó_herencia","Relación de herencia eliminada entre 'Hexagono' y 'Nodo'","2025-02-11 00:20:19.000000"
"656","4","creó_clase","Clase 'Persona' creada en el diagrama (java). Archivo generado en codigos_fuenteusuario_4proyecto_4Persona.java","2025-02-11 00:27:34.000000"
"657","4","creó_método","Método 'boolean calcularArea()' agregado a la clase 'Persona' en proyecto 4","2025-02-11 00:29:15.000000"
"658","4","creó_método","Método 'void caminar()' agregado a la clase 'Nodo' en proyecto 4","2025-02-11 00:31:51.000000"
"659","4","modificó_atributo","Error: tipo incompatible al modificar atributo en 'Nodo'","2025-02-11 00:34:42.000000"
"660","4","guardó_código","Archivo: codigos_fuenteusuario_4proyecto_4Hexagono.java","2025-02-11 00:40:42.000000"
"661","4","estableció_herencia","Error: herencia circular detectada entre 'CuentaBancaria' y 'Persona'","2025-02-11 00:41:55.000000"
"662","4","cerró_sesión_inactividad","El sistema cerró la sesión por 10 min sin actividad. Usuario 4 en proyecto 4","2025-02-11 00:44:32.000000"
"663","4","abrió_sesión","Usuario 4 inició sesión y abrió el proyecto 4","2025-02-13 19:04:00.000000"
"664","4","modificó_clase","Clase 'CuentaBancaria' modificada: se actualizó el modificador de acceso a 'private'","2025-02-13 19:05:39.000000"
"665","4","creó_método","Método 'int acelerar()' agregado a la clase 'Persona' en proyecto 4","2025-02-13 19:12:48.000000"
"666","4","modificó_herencia","Relación de herencia modificada: 'Hexagono' ahora hereda de 'CuentaBancaria' (antes diferente)","2025-02-13 19:19:52.000000"
"667","4","creó_clase","Clase 'Vehiculo' creada en el diagrama (java). Archivo generado en codigos_fuenteusuario_4proyecto_4Vehiculo.java","2025-02-13 19:25:21.000000"
"668","4","modificó_clase","Clase 'Hexagono' modificada: se actualizó el modificador de acceso a 'public'","2025-02-13 19:26:46.000000"
"669","4","guardó_código","Archivo: codigos_fuenteusuario_4proyecto_4Hexagono.java","2025-02-13 19:28:35.000000"
"670","4","creó_atributo","Atributo 'public int anio' agregado a la clase 'Persona' en proyecto 4","2025-02-13 19:29:59.000000"
"671","4","guardó_código","Archivo: codigos_fuenteusuario_4proyecto_4Vehiculo.java","2025-02-13 19:31:53.000000"
"672","4","creó_clase","Clase 'Gato' creada en el diagrama (java). Archivo generado en codigos_fuenteusuario_4proyecto_4Gato.java","2025-02-13 19:36:13.000000"
"673","4","modificó_atributo","Atributo 'descripcion' de clase 'Gato' modificado: tipo cambiado a 'int'","2025-02-13 19:40:41.000000"
"674","4","modificó_herencia","Relación de herencia modificada: 'Hexagono' ahora hereda de 'CuentaBancaria' (antes diferente)","2025-02-13 19:43:51.000000"
"675","4","modificó_atributo","Atributo 'cargo' de clase 'Vehiculo' modificado: tipo cambiado a 'int'","2025-02-13 19:47:49.000000"
"676","4","eliminó_clase","Clase 'Hexagono' eliminada del diagrama. Archivo físico removido del proyecto 4","2025-02-13 19:49:20.000000"
"677","4","guardó_código","Archivo: codigos_fuenteusuario_4proyecto_4CuentaBancaria.java","2025-02-13 19:54:24.000000"
"678","4","compiló_java","Éxito en proyecto 4","2025-02-13 19:57:57.000000"
"679","4","creó_método","Método 'double aplicarDescuento()' agregado a la clase 'Gato' en proyecto 4","2025-02-13 20:05:01.000000"
"680","4","modificó_atributo","Atributo 'base' de clase 'Gato' modificado: tipo cambiado a 'String'","2025-02-13 20:07:17.000000"
"681","4","guardó_código","Archivo: codigos_fuenteusuario_4proyecto_4Vehiculo.java","2025-02-13 20:11:38.000000"
"682","4","guardó_código","Archivo: codigos_fuenteusuario_4proyecto_4Gato.java","2025-02-13 20:14:45.000000"
"683","4","eliminó_método","Error al eliminar método: no encontrado en 'Gato'","2025-02-13 20:19:12.000000"
"684","4","modificó_atributo","Atributo 'radio' de clase 'Persona' modificado: tipo cambiado a 'boolean'","2025-02-13 20:21:57.000000"
"685","4","creó_atributo","Atributo 'public double nombre' agregado a la clase 'Gato' en proyecto 4","2025-02-13 20:29:43.000000"
"686","4","creó_clase","Clase 'Hexagono' creada en el diagrama (java). Archivo generado en codigos_fuenteusuario_4proyecto_4Hexagono.java","2025-02-13 20:31:14.000000"
"687","4","creó_método","Método 'int transferir()' agregado a la clase 'Vehiculo' en proyecto 4","2025-02-13 20:32:30.000000"
"688","4","guardó_código","Archivo: codigos_fuenteusuario_4proyecto_4Nodo.java","2025-02-13 20:34:20.000000"
"689","4","guardó_código","Archivo: codigos_fuenteusuario_4proyecto_4CuentaBancaria.java","2025-02-13 20:41:43.000000"
"690","4","creó_clase","Clase 'Cliente' creada en el diagrama (java). Archivo generado en codigos_fuenteusuario_4proyecto_4Cliente.java","2025-02-13 20:48:04.000000"
"691","4","creó_atributo","Error: tipo de dato no reconocido en atributo de 'Cliente'","2025-02-13 20:51:09.000000"
"692","4","guardó_código","Archivo: codigos_fuenteusuario_4proyecto_4Cliente.java","2025-02-13 20:58:42.000000"
"693","4","creó_método","Método 'String setPrecio()' agregado a la clase 'CuentaBancaria' en proyecto 4","2025-02-13 21:05:12.000000"
"694","4","creó_clase","Clase 'Poligono' creada en el diagrama (java). Archivo generado en codigos_fuenteusuario_4proyecto_4Poligono.java","2025-02-13 21:11:38.000000"
"695","4","creó_método","Método 'boolean aplicarDescuento()' agregado a la clase 'Persona' en proyecto 4","2025-02-13 21:17:16.000000"
"696","4","guardó_código","Archivo: codigos_fuenteusuario_4proyecto_4Gato.java","2025-02-13 21:18:06.000000"
"697","4","creó_clase","Clase 'Estudiante' creada en el diagrama (java). Archivo generado en codigos_fuenteusuario_4proyecto_4Estudiante.java","2025-02-13 21:20:26.000000"
"698","4","cerró_sesión_inactividad","El sistema cerró la sesión por 10 min sin actividad. Usuario 4 en proyecto 4","2025-02-13 21:28:03.000000"
"699","4","abrió_sesión","Usuario 4 inició sesión y abrió el proyecto 4","2025-02-14 21:58:00.000000"
"700","4","creó_método","Método 'boolean validar()' agregado a la clase 'Poligono' en proyecto 4","2025-02-14 22:05:22.000000"
"701","4","guardó_código","Archivo: codigos_fuenteusuario_4proyecto_4Hexagono.java","2025-02-14 22:06:58.000000"
"702","4","creó_atributo","Atributo 'private String codigo' agregado a la clase 'Persona' en proyecto 4","2025-02-14 22:10:22.000000"
"703","4","estableció_herencia","Relación de herencia creada: 'Nodo' extiende a 'Cliente' en proyecto 4","2025-02-14 22:16:59.000000"
"704","4","estableció_herencia","Error: herencia circular detectada entre 'CuentaBancaria' y 'Vehiculo'","2025-02-14 22:18:59.000000"
"705","4","creó_atributo","Atributo 'private double radio' agregado a la clase 'Persona' en proyecto 4","2025-02-14 22:26:19.000000"
"706","4","compiló_java","Éxito en proyecto 4","2025-02-14 22:34:01.000000"
"707","4","modificó_atributo","Atributo 'tasa' de clase 'Hexagono' modificado: tipo cambiado a 'int'","2025-02-14 22:41:55.000000"
"708","4","guardó_código","Archivo: codigos_fuenteusuario_4proyecto_4Hexagono.java","2025-02-14 22:45:10.000000"
"709","4","eliminó_atributo","Atributo 'salario' eliminado de la clase 'CuentaBancaria'","2025-02-14 22:46:10.000000"
"710","4","eliminó_herencia","Relación de herencia eliminada entre 'Nodo' y 'Cliente'","2025-02-14 22:46:51.000000"
"711","4","creó_atributo","Atributo 'public boolean cargo' agregado a la clase 'Cliente' en proyecto 4","2025-02-14 22:48:36.000000"
"712","4","modificó_clase","Clase 'Vehiculo' modificada: se actualizó el modificador de acceso a 'public'","2025-02-14 22:54:06.000000"
"713","4","creó_clase","Error al crear clase 'Figura': nombre duplicado en proyecto 4","2025-02-14 23:00:36.000000"
"714","4","creó_atributo","Error: tipo de dato no reconocido en atributo de 'CuentaBancaria'","2025-02-14 23:02:18.000000"
"715","4","eliminó_clase","Error al eliminar clase 'Estudiante': tiene dependencias activas","2025-02-14 23:09:24.000000"
"716","4","creó_atributo","Error: tipo de dato no reconocido en atributo de 'CuentaBancaria'","2025-02-14 23:10:50.000000"
"717","4","modificó_método","Método 'setEdad()' de clase 'Poligono': cuerpo actualizado en editor Monaco","2025-02-14 23:18:33.000000"
"718","4","creó_método","Método 'void setNombre()' agregado a la clase 'Persona' en proyecto 4","2025-02-14 23:23:32.000000"
"719","4","guardó_código","Archivo: codigos_fuenteusuario_4proyecto_4Hexagono.java","2025-02-14 23:31:22.000000"
"720","4","creó_atributo","Atributo 'public double matricula' agregado a la clase 'Vehiculo' en proyecto 4","2025-02-14 23:34:58.000000"
"721","4","guardó_código","Archivo: codigos_fuenteusuario_4proyecto_4Gato.java","2025-02-14 23:36:05.000000"
"722","4","creó_clase","Clase 'Pila' creada en el diagrama (java). Archivo generado en codigos_fuenteusuario_4proyecto_4Pila.java","2025-02-14 23:39:46.000000"
"723","4","modificó_clase","Clase 'Poligono' modificada: se actualizó el modificador de acceso a 'private'","2025-02-14 23:46:16.000000"
"724","4","guardó_código","Archivo: codigos_fuenteusuario_4proyecto_4CuentaBancaria.java","2025-02-14 23:52:25.000000"
"725","4","modificó_atributo","Atributo 'saldo' de clase 'Pila' modificado: tipo cambiado a 'String'","2025-02-14 23:56:17.000000"
"726","4","estableció_herencia","Relación de herencia creada: 'CuentaBancaria' extiende a 'Poligono' en proyecto 4","2025-02-15 00:01:47.000000"
"727","4","modificó_atributo","Error: tipo incompatible al modificar atributo en 'Cliente'","2025-02-15 00:03:08.000000"
"728","4","creó_clase","Clase 'ListaEnlazada' creada en el diagrama (java). Archivo generado en codigos_fuenteusuario_4proyecto_4ListaEnlazada.java","2025-02-15 00:06:30.000000"
"729","4","estableció_herencia","Relación de herencia creada: 'Persona' extiende a 'Hexagono' en proyecto 4","2025-02-15 00:09:34.000000"
"730","4","modificó_atributo","Atributo 'precio' de clase 'Gato' modificado: tipo cambiado a 'boolean'","2025-02-15 00:12:49.000000"
"731","4","modificó_clase","Clase 'Nodo' modificada: se actualizó el modificador de acceso a 'public'","2025-02-15 00:14:28.000000"
"732","4","modificó_método","Error de sintaxis al modificar método en 'CuentaBancaria'","2025-02-15 00:16:18.000000"
"733","4","eliminó_herencia","Relación de herencia eliminada entre 'CuentaBancaria' y 'Poligono'","2025-02-15 00:23:02.000000"
"734","4","cerró_sesión_inactividad","El sistema cerró la sesión por 10 min sin actividad. Usuario 4 en proyecto 4","2025-02-15 00:27:15.000000"
"735","4","abrió_sesión","Usuario 4 inició sesión y abrió el proyecto 4","2025-02-18 00:43:00.000000"
"736","4","creó_método","Método 'boolean frenar()' agregado a la clase 'CuentaBancaria' en proyecto 4","2025-02-18 00:48:23.000000"
"737","4","estableció_herencia","Relación de herencia creada: 'Poligono' extiende a 'Gato' en proyecto 4","2025-02-18 00:50:53.000000"
"738","4","creó_método","Método 'double acelerar()' agregado a la clase 'Pila' en proyecto 4","2025-02-18 00:55:26.000000"
"739","4","modificó_método","Método 'caminar()' de clase 'Persona': cuerpo actualizado en editor Monaco","2025-02-18 00:58:29.000000"
"740","4","creó_atributo","Atributo 'public int tasa' agregado a la clase 'Nodo' en proyecto 4","2025-02-18 00:59:39.000000"
"741","4","estableció_herencia","Relación de herencia creada: 'Nodo' extiende a 'Hexagono' en proyecto 4","2025-02-18 01:03:31.000000"
"742","4","creó_atributo","Atributo 'private int kilometraje' agregado a la clase 'Gato' en proyecto 4","2025-02-18 01:11:18.000000"
"743","4","creó_atributo","Atributo 'public double descripcion' agregado a la clase 'Persona' en proyecto 4","2025-02-18 01:17:53.000000"
"744","4","creó_método","Método 'int calcularSalario()' agregado a la clase 'Cliente' en proyecto 4","2025-02-18 01:18:40.000000"
"745","4","eliminó_atributo","Atributo 'radio' eliminado de la clase 'Cliente'","2025-02-18 01:23:27.000000"
"746","4","creó_método","Método 'boolean frenar()' agregado a la clase 'Nodo' en proyecto 4","2025-02-18 01:28:49.000000"
"747","4","modificó_clase","Error al modificar clase 'Cliente': nombre inválido","2025-02-18 01:33:43.000000"
"748","4","creó_clase","Clase 'Gerente' creada en el diagrama (java). Archivo generado en codigos_fuenteusuario_4proyecto_4Gerente.java","2025-02-18 01:41:02.000000"
"749","4","compiló_java","Éxito en proyecto 4","2025-02-18 01:46:24.000000"
"750","4","creó_clase","Clase 'CuentaAhorro' creada en el diagrama (java). Archivo generado en codigos_fuenteusuario_4proyecto_4CuentaAhorro.java","2025-02-18 01:52:40.000000"
"751","4","creó_atributo","Atributo 'private char base' agregado a la clase 'Gato' en proyecto 4","2025-02-18 01:58:27.000000"
"752","4","creó_clase","Clase 'CuentaCorriente' creada en el diagrama (java). Archivo generado en codigos_fuenteusuario_4proyecto_4CuentaCorriente.java","2025-02-18 02:00:12.000000"
"753","4","guardó_código","Archivo: codigos_fuenteusuario_4proyecto_4Poligono.java","2025-02-18 02:01:43.000000"
"754","4","modificó_atributo","Atributo 'radio' de clase 'CuentaCorriente' modificado: tipo cambiado a 'String'","2025-02-18 02:08:40.000000"
"755","4","estableció_herencia","Relación de herencia creada: 'CuentaAhorro' extiende a 'Gerente' en proyecto 4","2025-02-18 02:12:59.000000"
"756","4","creó_atributo","Atributo 'private String marca' agregado a la clase 'Nodo' en proyecto 4","2025-02-18 02:14:57.000000"
"757","4","guardó_código","Archivo: codigos_fuenteusuario_4proyecto_4ListaEnlazada.java","2025-02-18 02:16:52.000000"
"758","4","guardó_código","Archivo: codigos_fuenteusuario_4proyecto_4Vehiculo.java","2025-02-18 02:19:10.000000"
"759","4","creó_método","Error: firma duplicada al crear método en 'Cliente'","2025-02-18 02:26:33.000000"
"760","4","eliminó_clase","Error al eliminar clase 'Poligono': tiene dependencias activas","2025-02-18 02:28:41.000000"
"761","4","guardó_código","Archivo: codigos_fuenteusuario_4proyecto_4ListaEnlazada.java","2025-02-18 02:30:15.000000"
"762","4","creó_clase","Clase 'Circulo' creada en el diagrama (java). Archivo generado en codigos_fuenteusuario_4proyecto_4Circulo.java","2025-02-18 02:31:06.000000"
"763","4","eliminó_atributo","Atributo 'precio' eliminado de la clase 'Gato'","2025-02-18 02:35:12.000000"
"764","4","estableció_herencia","Relación de herencia creada: 'Hexagono' extiende a 'CuentaCorriente' en proyecto 4","2025-02-18 02:36:22.000000"
"765","4","modificó_atributo","Atributo 'modelo' de clase 'Vehiculo' modificado: tipo cambiado a 'float'","2025-02-18 02:42:41.000000"
"766","4","modificó_clase","Clase 'Pila' modificada: se actualizó el modificador de acceso a 'protected'","2025-02-18 02:46:53.000000"
"767","4","compiló_java","Éxito en proyecto 4","2025-02-18 02:49:06.000000"
"768","4","creó_método","Método 'double calcularPerimetro()' agregado a la clase 'Pila' en proyecto 4","2025-02-18 02:56:37.000000"
"769","4","creó_atributo","Atributo 'protected double descripcion' agregado a la clase 'CuentaBancaria' en proyecto 4","2025-02-18 03:02:28.000000"
"770","4","eliminó_atributo","Atributo 'codigo' eliminado de la clase 'ListaEnlazada'","2025-02-18 03:04:13.000000"
"771","4","modificó_clase","Clase 'Vehiculo' modificada: se actualizó el modificador de acceso a 'public'","2025-02-18 03:11:50.000000"
"772","4","compiló_java","Fallo en proyecto 4. error: method getPrecio() already defined","2025-02-18 03:17:24.000000"
"773","4","modificó_clase","Clase 'ListaEnlazada' modificada: se actualizó el modificador de acceso a 'private'","2025-02-18 03:20:06.000000"
"774","4","guardó_código","Archivo: codigos_fuenteusuario_4proyecto_4Gato.java","2025-02-18 03:23:19.000000"
"775","4","creó_atributo","Atributo 'public char marca' agregado a la clase 'Cliente' en proyecto 4","2025-02-18 03:30:01.000000"
"776","4","guardó_código","Archivo: codigos_fuenteusuario_4proyecto_4CuentaCorriente.java","2025-02-18 03:37:24.000000"
"777","4","eliminó_atributo","Atributo 'anio' eliminado de la clase 'Gerente'","2025-02-18 03:38:28.000000"
"778","4","modificó_atributo","Error: tipo incompatible al modificar atributo en 'CuentaAhorro'","2025-02-18 03:39:42.000000"
"779","4","creó_método","Error: firma duplicada al crear método en 'Hexagono'","2025-02-18 03:43:30.000000"
"780","4","modificó_método","Método 'frenar()' de clase 'CuentaCorriente': cuerpo actualizado en editor Monaco","2025-02-18 03:48:44.000000"
"781","4","modificó_atributo","Atributo 'matricula' de clase 'CuentaBancaria' modificado: tipo cambiado a 'String'","2025-02-18 03:52:37.000000"
"782","4","estableció_herencia","Relación de herencia creada: 'CuentaBancaria' extiende a 'ListaEnlazada' en proyecto 4","2025-02-18 03:57:49.000000"
"783","4","eliminó_método","Método 'arrancar()' eliminado de la clase 'Vehiculo'","2025-02-18 04:01:05.000000"
"784","4","guardó_código","Archivo: codigos_fuenteusuario_4proyecto_4Hexagono.java","2025-02-18 04:08:53.000000"
"785","4","modificó_atributo","Atributo 'edad' de clase 'Gato' modificado: tipo cambiado a 'boolean'","2025-02-18 04:11:44.000000"
"786","4","modificó_herencia","Relación de herencia modificada: 'Persona' ahora hereda de 'Hexagono' (antes diferente)","2025-02-18 04:16:40.000000"
"787","4","creó_método","Error: firma duplicada al crear método en 'Vehiculo'","2025-02-18 04:21:04.000000"
"788","4","creó_método","Método 'int depositar()' agregado a la clase 'Cliente' en proyecto 4","2025-02-18 04:29:01.000000"
"789","4","creó_atributo","Error: tipo de dato no reconocido en atributo de 'Vehiculo'","2025-02-18 04:29:37.000000"
"790","4","estableció_herencia","Relación de herencia creada: 'Persona' extiende a 'Poligono' en proyecto 4","2025-02-18 04:36:49.000000"
"791","4","guardó_código","Archivo: codigos_fuenteusuario_4proyecto_4Gerente.java","2025-02-18 04:43:17.000000"
"792","4","creó_método","Método 'String retirar()' agregado a la clase 'CuentaBancaria' en proyecto 4","2025-02-18 04:49:06.000000"
"793","4","creó_clase","Clase 'Figura' creada en el diagrama (java). Archivo generado en codigos_fuenteusuario_4proyecto_4Figura.java","2025-02-18 04:54:36.000000"
"794","4","creó_método","Método 'int calcularArea()' agregado a la clase 'Hexagono' en proyecto 4","2025-02-18 04:59:33.000000"
"795","4","modificó_método","Método 'aplicarDescuento()' de clase 'CuentaCorriente': cuerpo actualizado en editor Monaco","2025-02-18 05:06:43.000000"
"796","4","creó_clase","Clase 'Triangulo' creada en el diagrama (java). Archivo generado en codigos_fuenteusuario_4proyecto_4Triangulo.java","2025-02-18 05:10:47.000000"
"797","4","modificó_herencia","Error al modificar herencia: clase base 'Hexagono' no compatible","2025-02-18 05:12:14.000000"
"798","4","guardó_código","Archivo: codigos_fuenteusuario_4proyecto_4Triangulo.java","2025-02-18 05:16:16.000000"
"799","4","modificó_método","Método 'setPrecio()' de clase 'Nodo': cuerpo actualizado en editor Monaco","2025-02-18 05:18:02.000000"
"800","4","creó_atributo","Atributo 'protected boolean departamento' agregado a la clase 'Gerente' en proyecto 4","2025-02-18 05:19:47.000000"
"801","4","creó_clase","Clase 'Animal' creada en el diagrama (java). Archivo generado en codigos_fuenteusuario_4proyecto_4Animal.java","2025-02-18 05:25:07.000000"
"802","4","modificó_atributo","Atributo 'departamento' de clase 'Pila' modificado: tipo cambiado a 'double'","2025-02-18 05:30:38.000000"
"803","4","estableció_herencia","Error: herencia circular detectada entre 'Gerente' y 'Gato'","2025-02-18 05:36:06.000000"
"804","4","creó_atributo","Atributo 'private int base' agregado a la clase 'Figura' en proyecto 4","2025-02-18 05:43:04.000000"
"805","4","cerró_sesión_inactividad","El sistema cerró la sesión por 10 min sin actividad. Usuario 4 en proyecto 4","2025-02-18 05:44:25.000000"
"806","4","abrió_sesión","Usuario 4 inició sesión y abrió el proyecto 4","2025-02-17 19:46:00.000000"
"807","4","eliminó_método","Método 'getEdad()' eliminado de la clase 'Estudiante'","2025-02-17 19:51:31.000000"
"808","4","modificó_método","Método 'obtenerNombre()' de clase 'CuentaBancaria': cuerpo actualizado en editor Monaco","2025-02-17 19:56:19.000000"
"809","4","eliminó_clase","Clase 'CuentaCorriente' eliminada del diagrama. Archivo físico removido del proyecto 4","2025-02-17 19:58:15.000000"
"810","4","creó_método","Método 'int depositar()' agregado a la clase 'Vehiculo' en proyecto 4","2025-02-17 19:59:48.000000"
"811","4","creó_atributo","Atributo 'protected boolean kilometraje' agregado a la clase 'Nodo' en proyecto 4","2025-02-17 20:03:25.000000"
"812","4","creó_atributo","Error: tipo de dato no reconocido en atributo de 'Gato'","2025-02-17 20:09:59.000000"
"813","4","eliminó_atributo","Atributo 'altura' eliminado de la clase 'Animal'","2025-02-17 20:16:02.000000"
"814","4","creó_método","Método 'boolean acelerar()' agregado a la clase 'Vehiculo' en proyecto 4","2025-02-17 20:23:17.000000"
"815","4","creó_atributo","Atributo 'public int velocidad' agregado a la clase 'Cliente' en proyecto 4","2025-02-17 20:24:06.000000"
"816","4","estableció_herencia","Relación de herencia creada: 'ListaEnlazada' extiende a 'Triangulo' en proyecto 4","2025-02-17 20:27:48.000000"
"817","4","modificó_método","Error de sintaxis al modificar método en 'Nodo'","2025-02-17 20:35:46.000000"
"818","4","cerró_sesión_inactividad","El sistema cerró la sesión por 10 min sin actividad. Usuario 4 en proyecto 4","2025-02-17 20:41:43.000000"
"819","4","abrió_sesión","Usuario 4 inició sesión y abrió el proyecto 4","2025-03-03 04:32:00.000000"
"820","4","modificó_atributo","Atributo 'edad' de clase 'ListaEnlazada' modificado: tipo cambiado a 'int'","2025-03-03 04:38:40.000000"
"821","4","modificó_método","Método 'hablar()' de clase 'Gato': cuerpo actualizado en editor Monaco","2025-03-03 04:45:20.000000"
"822","4","modificó_herencia","Error al modificar herencia: clase base 'Hexagono' no compatible","2025-03-03 04:46:41.000000"
"823","4","creó_atributo","Atributo 'protected float altura' agregado a la clase 'Persona' en proyecto 4","2025-03-03 04:49:22.000000"
"824","4","guardó_código","Archivo: codigos_fuenteusuario_4proyecto_4Figura.java","2025-03-03 04:55:21.000000"
"825","4","eliminó_clase","Clase 'Triangulo' eliminada del diagrama. Archivo físico removido del proyecto 4","2025-03-03 04:57:49.000000"
"826","4","modificó_clase","Clase 'Hexagono' modificada: se actualizó el modificador de acceso a 'public'","2025-03-03 05:02:12.000000"
"827","4","modificó_clase","Error al modificar clase 'Hexagono': nombre inválido","2025-03-03 05:05:13.000000"
"828","4","compiló_java","Éxito en proyecto 4","2025-03-03 05:07:58.000000"
"829","4","creó_método","Método 'void getEdad()' agregado a la clase 'Hexagono' en proyecto 4","2025-03-03 05:12:25.000000"
"830","4","modificó_atributo","Atributo 'lados' de clase 'Gato' modificado: tipo cambiado a 'float'","2025-03-03 05:13:20.000000"
"831","4","creó_clase","Clase 'ProductoDigital' creada en el diagrama (java). Archivo generado en codigos_fuenteusuario_4proyecto_4ProductoDigital.java","2025-03-03 05:14:41.000000"
"832","4","eliminó_método","Método 'inicializar()' eliminado de la clase 'ProductoDigital'","2025-03-03 05:22:07.000000"
"833","4","eliminó_herencia","Relación de herencia eliminada entre 'Persona' y 'Poligono'","2025-03-03 05:24:06.000000"
"834","4","creó_método","Método 'double calcularPerimetro()' agregado a la clase 'ProductoDigital' en proyecto 4","2025-03-03 05:32:03.000000"
"835","4","modificó_atributo","Atributo 'anio' de clase 'Poligono' modificado: tipo cambiado a 'float'","2025-03-03 05:32:53.000000"
"836","4","compiló_java","Éxito en proyecto 4","2025-03-03 05:40:39.000000"
"837","4","creó_clase","Clase 'Moto' creada en el diagrama (java). Archivo generado en codigos_fuenteusuario_4proyecto_4Moto.java","2025-03-03 05:43:37.000000"
"838","4","cerró_sesión_inactividad","El sistema cerró la sesión por 10 min sin actividad. Usuario 4 en proyecto 4","2025-03-03 05:47:11.000000"
"839","4","abrió_sesión","Usuario 4 inició sesión y abrió el proyecto 4","2025-03-22 17:48:00.000000"
"840","4","creó_clase","Clase 'Rectangulo' creada en el diagrama (java). Archivo generado en codigos_fuenteusuario_4proyecto_4Rectangulo.java","2025-03-22 17:51:14.000000"
"841","4","creó_método","Método 'void calcularPerimetro()' agregado a la clase 'Pila' en proyecto 4","2025-03-22 17:53:47.000000"
"842","4","creó_método","Método 'void toString()' agregado a la clase 'Hexagono' en proyecto 4","2025-03-22 17:57:06.000000"
"843","4","creó_método","Método 'int caminar()' agregado a la clase 'Estudiante' en proyecto 4","2025-03-22 17:59:58.000000"
"844","4","compiló_java","Éxito en proyecto 4","2025-03-22 18:00:53.000000"
"845","4","modificó_clase","Clase 'ListaEnlazada' modificada: se actualizó el modificador de acceso a 'protected'","2025-03-22 18:05:42.000000"
"846","4","modificó_clase","Error al modificar clase 'Rectangulo': nombre inválido","2025-03-22 18:08:06.000000"
"847","4","modificó_método","Error de sintaxis al modificar método en 'Figura'","2025-03-22 18:13:17.000000"
"848","4","modificó_herencia","Relación de herencia modificada: 'Persona' ahora hereda de 'Hexagono' (antes diferente)","2025-03-22 18:19:16.000000"
"849","4","creó_método","Método 'double inicializar()' agregado a la clase 'CuentaBancaria' en proyecto 4","2025-03-22 18:22:59.000000"
"850","4","compiló_java","Fallo en proyecto 4. error: ';' expected","2025-03-22 18:26:55.000000"
"851","4","creó_atributo","Atributo 'protected boolean descripcion' agregado a la clase 'Vehiculo' en proyecto 4","2025-03-22 18:34:23.000000"
"852","4","eliminó_herencia","Relación de herencia eliminada entre 'Poligono' y 'Gato'","2025-03-22 18:36:53.000000"
"853","4","eliminó_herencia","Relación de herencia eliminada entre 'CuentaBancaria' y 'ListaEnlazada'","2025-03-22 18:38:03.000000"
"854","4","creó_atributo","Atributo 'public double departamento' agregado a la clase 'Gato' en proyecto 4","2025-03-22 18:42:28.000000"
"855","4","compiló_java","Éxito en proyecto 4","2025-03-22 18:46:45.000000"
"856","4","modificó_método","Método 'getEdad()' de clase 'Moto': cuerpo actualizado en editor Monaco","2025-03-22 18:54:05.000000"
"857","4","eliminó_clase","Error al eliminar clase 'Gato': tiene dependencias activas","2025-03-22 18:59:28.000000"
"858","4","creó_método","Método 'void arrancar()' agregado a la clase 'Hexagono' en proyecto 4","2025-03-22 19:03:47.000000"
"859","4","creó_método","Método 'double getPrecio()' agregado a la clase 'Gerente' en proyecto 4","2025-03-22 19:05:02.000000"
"860","4","guardó_código","Archivo: codigos_fuenteusuario_4proyecto_4Moto.java","2025-03-22 19:12:50.000000"
"861","4","compiló_java","Éxito en proyecto 4","2025-03-22 19:17:35.000000"
"862","4","creó_atributo","Atributo 'protected String edad' agregado a la clase 'Nodo' en proyecto 4","2025-03-22 19:21:53.000000"
"863","4","eliminó_herencia","Relación de herencia eliminada entre 'CuentaAhorro' y 'Gerente'","2025-03-22 19:25:04.000000"
"864","4","eliminó_clase","Clase 'Pila' eliminada del diagrama. Archivo físico removido del proyecto 4","2025-03-22 19:26:34.000000"
"865","4","creó_clase","Clase 'Producto' creada en el diagrama (java). Archivo generado en codigos_fuenteusuario_4proyecto_4Producto.java","2025-03-22 19:31:18.000000"
"866","4","compiló_java","Fallo en proyecto 4. error: ';' expected","2025-03-22 19:38:09.000000"
"867","4","compiló_java","Fallo en proyecto 4. error: cannot find symbol: variable codigo","2025-03-22 19:44:13.000000"
"868","4","creó_atributo","Error: tipo de dato no reconocido en atributo de 'Circulo'","2025-03-22 19:44:52.000000"
"869","4","modificó_herencia","Relación de herencia modificada: 'Persona' ahora hereda de 'Hexagono' (antes diferente)","2025-03-22 19:46:14.000000"
"870","4","guardó_código","Archivo: codigos_fuenteusuario_4proyecto_4Estudiante.java","2025-03-22 19:50:10.000000"
"871","4","compiló_java","Fallo en proyecto 4. error: incompatible types: String cannot be converted to int","2025-03-22 19:54:11.000000"
"872","4","eliminó_atributo","Atributo 'saldo' eliminado de la clase 'Rectangulo'","2025-03-22 19:54:59.000000"
"873","4","modificó_atributo","Error: tipo incompatible al modificar atributo en 'ListaEnlazada'","2025-03-22 20:00:14.000000"
"874","4","guardó_código","Archivo: codigos_fuenteusuario_4proyecto_4Persona.java","2025-03-22 20:05:25.000000"
"875","4","eliminó_atributo","Atributo 'edad' eliminado de la clase 'Hexagono'","2025-03-22 20:05:55.000000"
"876","4","guardó_código","Archivo: codigos_fuenteusuario_4proyecto_4Figura.java","2025-03-22 20:13:27.000000"
"877","4","modificó_clase","Clase 'Estudiante' modificada: se actualizó el modificador de acceso a 'private'","2025-03-22 20:14:43.000000"
"878","4","creó_atributo","Atributo 'private int color' agregado a la clase 'Nodo' en proyecto 4","2025-03-22 20:21:58.000000"
"879","4","creó_método","Método 'boolean setEdad()' agregado a la clase 'Gerente' en proyecto 4","2025-03-22 20:27:37.000000"
"880","4","creó_método","Método 'void hablar()' agregado a la clase 'ListaEnlazada' en proyecto 4","2025-03-22 20:33:23.000000"
"881","4","creó_método","Error: firma duplicada al crear método en 'Gerente'","2025-03-22 20:39:19.000000"
"882","4","creó_clase","Clase 'Pila' creada en el diagrama (java). Archivo generado en codigos_fuenteusuario_4proyecto_4Pila.java","2025-03-22 20:42:24.000000"
"883","4","creó_método","Método 'int transferir()' agregado a la clase 'Rectangulo' en proyecto 4","2025-03-22 20:47:14.000000"
"884","4","creó_atributo","Atributo 'protected boolean modelo' agregado a la clase 'Gerente' en proyecto 4","2025-03-22 20:52:31.000000"
"885","4","compiló_java","Fallo en proyecto 4. error: method calcularPerimetro() already defined","2025-03-22 20:54:46.000000"
"886","4","guardó_código","Archivo: codigos_fuenteusuario_4proyecto_4Animal.java","2025-03-22 21:00:51.000000"
"887","4","estableció_herencia","Relación de herencia creada: 'CuentaBancaria' extiende a 'Poligono' en proyecto 4","2025-03-22 21:07:04.000000"
"888","4","creó_atributo","Atributo 'protected float altura' agregado a la clase 'Gerente' en proyecto 4","2025-03-22 21:11:27.000000"
"889","4","eliminó_atributo","Atributo 'departamento' eliminado de la clase 'Rectangulo'","2025-03-22 21:14:51.000000"
"890","4","creó_método","Método 'void aplicarDescuento()' agregado a la clase 'CuentaAhorro' en proyecto 4","2025-03-22 21:18:27.000000"
"891","4","estableció_herencia","Relación de herencia creada: 'CuentaAhorro' extiende a 'Cliente' en proyecto 4","2025-03-22 21:25:59.000000"
"892","4","guardó_código","Archivo: codigos_fuenteusuario_4proyecto_4Vehiculo.java","2025-03-22 21:26:56.000000"
"893","4","creó_método","Método 'int consultarSaldo()' agregado a la clase 'Rectangulo' en proyecto 4","2025-03-22 21:34:24.000000"
"894","4","compiló_java","Éxito en proyecto 4","2025-03-22 21:36:48.000000"
"895","4","modificó_método","Error de sintaxis al modificar método en 'Figura'","2025-03-22 21:44:30.000000"
"896","4","creó_clase","Clase 'Triangulo' creada en el diagrama (java). Archivo generado en codigos_fuenteusuario_4proyecto_4Triangulo.java","2025-03-22 21:48:52.000000"
"897","4","creó_clase","Clase 'Profesor' creada en el diagrama (java). Archivo generado en codigos_fuenteusuario_4proyecto_4Profesor.java","2025-03-22 21:52:11.000000"
"898","4","compiló_java","Fallo en proyecto 4. error: class, interface, or enum expected","2025-03-22 21:57:27.000000"
"899","4","creó_atributo","Atributo 'private char base' agregado a la clase 'Triangulo' en proyecto 4","2025-03-22 22:04:29.000000"
"900","4","creó_clase","Clase 'Auto' creada en el diagrama (java). Archivo generado en codigos_fuenteusuario_4proyecto_4Auto.java","2025-03-22 22:10:16.000000"
"901","4","creó_clase","Clase 'Forma' creada en el diagrama (java). Archivo generado en codigos_fuenteusuario_4proyecto_4Forma.java","2025-03-22 22:15:53.000000"
"902","4","modificó_clase","Clase 'Moto' modificada: se actualizó el modificador de acceso a 'private'","2025-03-22 22:20:25.000000"
"903","4","creó_clase","Clase 'CuentaCorriente' creada en el diagrama (java). Archivo generado en codigos_fuenteusuario_4proyecto_4CuentaCorriente.java","2025-03-22 22:27:01.000000"
"904","4","creó_clase","Clase 'Camion' creada en el diagrama (java). Archivo generado en codigos_fuenteusuario_4proyecto_4Camion.java","2025-03-22 22:33:07.000000"
"905","4","eliminó_método","Método 'validar()' eliminado de la clase 'Gato'","2025-03-22 22:36:43.000000"
"906","4","modificó_herencia","Relación de herencia modificada: 'Nodo' ahora hereda de 'Hexagono' (antes diferente)","2025-03-22 22:43:19.000000"
"907","4","compiló_java","Éxito en proyecto 4","2025-03-22 22:47:40.000000"
"908","4","creó_método","Método 'void calcularPerimetro()' agregado a la clase 'Nodo' en proyecto 4","2025-03-22 22:49:08.000000"
"909","4","creó_método","Método 'void validar()' agregado a la clase 'Nodo' en proyecto 4","2025-03-22 22:50:27.000000"
"910","4","guardó_código","Archivo: codigos_fuenteusuario_4proyecto_4ListaEnlazada.java","2025-03-22 22:57:25.000000"
"911","4","cerró_sesión_inactividad","El sistema cerró la sesión por 10 min sin actividad. Usuario 4 en proyecto 4","2025-03-22 23:03:32.000000"
"912","4","abrió_sesión","Usuario 4 inició sesión y abrió el proyecto 4","2025-03-28 19:26:00.000000"
"913","4","modificó_atributo","Atributo 'codigo' de clase 'ProductoDigital' modificado: tipo cambiado a 'float'","2025-03-28 19:27:42.000000"
"914","4","modificó_clase","Clase 'Rectangulo' modificada: se actualizó el modificador de acceso a 'public'","2025-03-28 19:29:34.000000"
"915","4","compiló_java","Éxito en proyecto 4","2025-03-28 19:31:38.000000"
"916","4","guardó_código","Archivo: codigos_fuenteusuario_4proyecto_4Rectangulo.java","2025-03-28 19:34:01.000000"
"917","4","estableció_herencia","Relación de herencia creada: 'CuentaCorriente' extiende a 'Persona' en proyecto 4","2025-03-28 19:39:46.000000"
"918","4","compiló_java","Éxito en proyecto 4","2025-03-28 19:47:23.000000"
"919","4","creó_método","Método 'void consultarSaldo()' agregado a la clase 'Producto' en proyecto 4","2025-03-28 19:50:02.000000"
"920","4","guardó_código","Archivo: codigos_fuenteusuario_4proyecto_4Rectangulo.java","2025-03-28 19:52:11.000000"
"921","4","modificó_atributo","Atributo 'radio' de clase 'Rectangulo' modificado: tipo cambiado a 'float'","2025-03-28 19:53:39.000000"
"922","4","estableció_herencia","Error: herencia circular detectada entre 'CuentaCorriente' y 'Producto'","2025-03-28 19:55:41.000000"
"923","4","modificó_atributo","Atributo 'base' de clase 'Gato' modificado: tipo cambiado a 'double'","2025-03-28 20:01:54.000000"
"924","4","creó_clase","Clase 'Empleado' creada en el diagrama (java). Archivo generado en codigos_fuenteusuario_4proyecto_4Empleado.java","2025-03-28 20:09:13.000000"
"925","4","eliminó_herencia","Relación de herencia eliminada entre 'Nodo' y 'Hexagono'","2025-03-28 20:14:33.000000"
"926","4","modificó_atributo","Atributo 'marca' de clase 'Gato' modificado: tipo cambiado a 'String'","2025-03-28 20:22:19.000000"
"927","4","eliminó_atributo","Error al eliminar atributo: no encontrado en 'Forma'","2025-03-28 20:23:16.000000"
"928","4","guardó_código","Archivo: codigos_fuenteusuario_4proyecto_4CuentaBancaria.java","2025-03-28 20:31:01.000000"
"929","4","guardó_código","Archivo: codigos_fuenteusuario_4proyecto_4ProductoDigital.java","2025-03-28 20:37:55.000000"
"930","4","creó_atributo","Atributo 'protected boolean saldo' agregado a la clase 'Estudiante' en proyecto 4","2025-03-28 20:43:06.000000"
"931","4","modificó_atributo","Atributo 'edad' de clase 'Circulo' modificado: tipo cambiado a 'int'","2025-03-28 20:47:32.000000"
"932","4","creó_atributo","Atributo 'protected char departamento' agregado a la clase 'Triangulo' en proyecto 4","2025-03-28 20:53:32.000000"
"933","4","eliminó_atributo","Atributo 'marca' eliminado de la clase 'Empleado'","2025-03-28 20:58:43.000000"
"934","4","creó_atributo","Atributo 'private char marca' agregado a la clase 'Hexagono' en proyecto 4","2025-03-28 20:59:50.000000"
"935","4","guardó_código","Archivo: codigos_fuenteusuario_4proyecto_4Moto.java","2025-03-28 21:02:48.000000"
"936","4","creó_método","Método 'double hablar()' agregado a la clase 'Poligono' en proyecto 4","2025-03-28 21:09:01.000000"
"937","4","modificó_atributo","Atributo 'departamento' de clase 'Camion' modificado: tipo cambiado a 'String'","2025-03-28 21:10:05.000000"
"938","4","guardó_código","Archivo: codigos_fuenteusuario_4proyecto_4Animal.java","2025-03-28 21:12:43.000000"
"939","4","creó_método","Método 'int depositar()' agregado a la clase 'Persona' en proyecto 4","2025-03-28 21:14:03.000000"
"940","4","creó_atributo","Atributo 'private char altura' agregado a la clase 'Hexagono' en proyecto 4","2025-03-28 21:16:14.000000"
"941","4","compiló_java","Fallo en proyecto 4. error: class, interface, or enum expected","2025-03-28 21:22:55.000000"
"942","4","guardó_código","Archivo: codigos_fuenteusuario_4proyecto_4ProductoDigital.java","2025-03-28 21:28:22.000000"
"943","4","modificó_método","Método 'transferir()' de clase 'Hexagono': cuerpo actualizado en editor Monaco","2025-03-28 21:33:01.000000"
"944","4","modificó_clase","Clase 'CuentaBancaria' modificada: se actualizó el modificador de acceso a 'public'","2025-03-28 21:36:20.000000"
"945","4","creó_método","Error: firma duplicada al crear método en 'Triangulo'","2025-03-28 21:39:52.000000"
"946","4","creó_clase","Error al crear clase 'ProductoFisico': nombre duplicado en proyecto 4","2025-03-28 21:41:27.000000"
"947","4","modificó_herencia","Error al modificar herencia: clase base 'Hexagono' no compatible","2025-03-28 21:47:40.000000"
"948","4","modificó_método","Método 'calcularArea()' de clase 'Forma': cuerpo actualizado en editor Monaco","2025-03-28 21:53:45.000000"
"949","4","modificó_atributo","Error: tipo incompatible al modificar atributo en 'Cliente'","2025-03-28 21:56:15.000000"
"950","4","guardó_código","Archivo: codigos_fuenteusuario_4proyecto_4ProductoDigital.java","2025-03-28 21:57:36.000000"
"951","4","creó_atributo","Atributo 'public String marca' agregado a la clase 'Empleado' en proyecto 4","2025-03-28 22:00:31.000000"
"952","4","creó_método","Método 'String getPrecio()' agregado a la clase 'Profesor' en proyecto 4","2025-03-28 22:06:18.000000"
"953","4","creó_método","Método 'double caminar()' agregado a la clase 'Animal' en proyecto 4","2025-03-28 22:07:23.000000"
"954","4","modificó_clase","Clase 'Gato' modificada: se actualizó el modificador de acceso a 'protected'","2025-03-28 22:09:32.000000"
"955","4","modificó_atributo","Atributo 'altura' de clase 'Profesor' modificado: tipo cambiado a 'String'","2025-03-28 22:12:44.000000"
"956","4","estableció_herencia","Error: herencia circular detectada entre 'CuentaBancaria' y 'Pila'","2025-03-28 22:17:22.000000"
"957","4","creó_método","Método 'int aplicarDescuento()' agregado a la clase 'Rectangulo' en proyecto 4","2025-03-28 22:21:42.000000"
"958","4","creó_método","Método 'double getPrecio()' agregado a la clase 'Pila' en proyecto 4","2025-03-28 22:25:00.000000"
"959","4","modificó_atributo","Error: tipo incompatible al modificar atributo en 'Moto'","2025-03-28 22:30:45.000000"
"960","4","creó_método","Método 'double aplicarDescuento()' agregado a la clase 'Auto' en proyecto 4","2025-03-28 22:36:52.000000"
"961","4","creó_método","Método 'boolean setPrecio()' agregado a la clase 'CuentaAhorro' en proyecto 4","2025-03-28 22:39:58.000000"
"962","4","modificó_atributo","Atributo 'tasa' de clase 'Vehiculo' modificado: tipo cambiado a 'int'","2025-03-28 22:46:23.000000"
"963","4","creó_método","Método 'int acelerar()' agregado a la clase 'ListaEnlazada' en proyecto 4","2025-03-28 22:51:52.000000"
"964","4","eliminó_clase","Clase 'Camion' eliminada del diagrama. Archivo físico removido del proyecto 4","2025-03-28 22:53:40.000000"
"965","4","modificó_clase","Clase 'Moto' modificada: se actualizó el modificador de acceso a 'protected'","2025-03-28 22:58:59.000000"
"966","4","eliminó_clase","Clase 'Gerente' eliminada del diagrama. Archivo físico removido del proyecto 4","2025-03-28 23:04:19.000000"
"967","4","modificó_clase","Clase 'Vehiculo' modificada: se actualizó el modificador de acceso a 'private'","2025-03-28 23:07:55.000000"
"968","4","compiló_java","Éxito en proyecto 4","2025-03-28 23:15:18.000000"
"969","4","creó_método","Error: firma duplicada al crear método en 'Circulo'","2025-03-28 23:18:29.000000"
"970","4","eliminó_método","Método 'validar()' eliminado de la clase 'Figura'","2025-03-28 23:22:38.000000"
"971","4","guardó_código","Archivo: codigos_fuenteusuario_4proyecto_4Moto.java","2025-03-28 23:24:34.000000"
"972","4","creó_método","Método 'boolean frenar()' agregado a la clase 'Producto' en proyecto 4","2025-03-28 23:25:06.000000"
"973","4","compiló_java","Éxito en proyecto 4","2025-03-28 23:28:16.000000"
"974","4","compiló_java","Éxito en proyecto 4","2025-03-28 23:30:52.000000"
"975","4","guardó_código","Archivo: codigos_fuenteusuario_4proyecto_4CuentaCorriente.java","2025-03-28 23:38:04.000000"
"976","4","modificó_herencia","Relación de herencia modificada: 'Persona' ahora hereda de 'Hexagono' (antes diferente)","2025-03-28 23:40:27.000000"
"977","4","compiló_java","Fallo en proyecto 4. error: cannot find symbol: variable modelo","2025-03-28 23:47:01.000000"
"978","4","creó_atributo","Atributo 'protected String peso' agregado a la clase 'Hexagono' en proyecto 4","2025-03-28 23:53:49.000000"
"979","4","modificó_atributo","Atributo 'tasa' de clase 'Triangulo' modificado: tipo cambiado a 'double'","2025-03-28 23:59:47.000000"
"980","4","creó_método","Método 'boolean caminar()' agregado a la clase 'Persona' en proyecto 4","2025-03-29 00:04:00.000000"
"981","4","creó_método","Método 'void getEdad()' agregado a la clase 'Profesor' en proyecto 4","2025-03-29 00:06:51.000000"
"982","4","compiló_java","Éxito en proyecto 4","2025-03-29 00:14:31.000000"
"983","4","creó_clase","Clase 'Cola' creada en el diagrama (java). Archivo generado en codigos_fuenteusuario_4proyecto_4Cola.java","2025-03-29 00:18:05.000000"
"984","4","compiló_java","Éxito en proyecto 4","2025-03-29 00:19:43.000000"
"985","4","guardó_código","Archivo: codigos_fuenteusuario_4proyecto_4Forma.java","2025-03-29 00:26:00.000000"
"986","4","modificó_método","Método 'setEdad()' de clase 'Hexagono': cuerpo actualizado en editor Monaco","2025-03-29 00:32:45.000000"
"987","4","cerró_sesión_inactividad","El sistema cerró la sesión por 10 min sin actividad. Usuario 4 en proyecto 4","2025-03-29 00:36:04.000000"
"988","4","abrió_sesión","Usuario 4 inició sesión y abrió el proyecto 4","2025-04-03 20:49:00.000000"
"989","4","estableció_herencia","Relación de herencia creada: 'Rectangulo' extiende a 'Nodo' en proyecto 4","2025-04-03 20:52:30.000000"
"990","4","creó_atributo","Atributo 'public char tasa' agregado a la clase 'Persona' en proyecto 4","2025-04-03 20:58:42.000000"
"991","4","compiló_java","Éxito en proyecto 4","2025-04-03 21:02:34.000000"
"992","4","creó_método","Método 'int acelerar()' agregado a la clase 'Circulo' en proyecto 4","2025-04-03 21:06:31.000000"
"993","4","creó_clase","Clase 'Gerente' creada en el diagrama (java). Archivo generado en codigos_fuenteusuario_4proyecto_4Gerente.java","2025-04-03 21:12:01.000000"
"994","4","modificó_atributo","Atributo 'marca' de clase 'Hexagono' modificado: tipo cambiado a 'double'","2025-04-03 21:14:13.000000"
"995","4","modificó_herencia","Relación de herencia modificada: 'CuentaBancaria' ahora hereda de 'Poligono' (antes diferente)","2025-04-03 21:19:08.000000"
"996","4","guardó_código","Archivo: codigos_fuenteusuario_4proyecto_4Cliente.java","2025-04-03 21:19:45.000000"
"997","4","estableció_herencia","Relación de herencia creada: 'Estudiante' extiende a 'Cliente' en proyecto 4","2025-04-03 21:26:32.000000"
"998","4","compiló_java","Éxito en proyecto 4","2025-04-03 21:33:02.000000"
"999","4","modificó_clase","Error al modificar clase 'Empleado': nombre inválido","2025-04-03 21:34:07.000000"
"1000","4","modificó_herencia","Relación de herencia modificada: 'CuentaCorriente' ahora hereda de 'Persona' (antes diferente)","2025-04-03 21:35:23.000000"
"1001","4","compiló_java","Fallo en proyecto 4. error: incompatible types: String cannot be converted to int","2025-04-03 21:40:34.000000"
"1002","4","creó_método","Error: firma duplicada al crear método en 'CuentaAhorro'","2025-04-03 21:43:29.000000"
"1003","4","compiló_java","Éxito en proyecto 4","2025-04-03 21:50:10.000000"
"1004","4","estableció_herencia","Relación de herencia creada: 'Animal' extiende a 'Estudiante' en proyecto 4","2025-04-03 21:57:44.000000"
"1005","4","modificó_clase","Clase 'Pila' modificada: se actualizó el modificador de acceso a 'private'","2025-04-03 22:03:00.000000"
"1006","4","modificó_herencia","Relación de herencia modificada: 'Persona' ahora hereda de 'Hexagono' (antes diferente)","2025-04-03 22:08:28.000000"
"1007","4","compiló_java","Fallo en proyecto 4. error: incompatible types: String cannot be converted to int","2025-04-03 22:11:56.000000"
"1008","4","creó_atributo","Atributo 'protected String kilometraje' agregado a la clase 'ProductoDigital' en proyecto 4","2025-04-03 22:15:23.000000"
"1009","4","modificó_clase","Clase 'Pila' modificada: se actualizó el modificador de acceso a 'private'","2025-04-03 22:22:50.000000"
"1010","4","creó_método","Método 'boolean aplicarDescuento()' agregado a la clase 'Hexagono' en proyecto 4","2025-04-03 22:25:41.000000"
"1011","4","creó_atributo","Atributo 'public float saldo' agregado a la clase 'CuentaAhorro' en proyecto 4","2025-04-03 22:28:06.000000"
"1012","4","creó_atributo","Atributo 'private float precio' agregado a la clase 'Empleado' en proyecto 4","2025-04-03 22:33:46.000000"
"1013","4","modificó_clase","Clase 'Pila' modificada: se actualizó el modificador de acceso a 'public'","2025-04-03 22:35:55.000000"
"1014","4","modificó_clase","Clase 'Gerente' modificada: se actualizó el modificador de acceso a 'public'","2025-04-03 22:40:17.000000"
"1015","4","modificó_atributo","Atributo 'color' de clase 'Producto' modificado: tipo cambiado a 'String'","2025-04-03 22:44:13.000000"
"1016","4","compiló_java","Éxito en proyecto 4","2025-04-03 22:49:37.000000"
"1017","4","modificó_clase","Error al modificar clase 'Moto': nombre inválido","2025-04-03 22:50:09.000000"
"1018","4","creó_método","Método 'String aplicarDescuento()' agregado a la clase 'Profesor' en proyecto 4","2025-04-03 22:52:52.000000"
"1019","4","creó_método","Método 'void caminar()' agregado a la clase 'Estudiante' en proyecto 4","2025-04-03 22:54:51.000000"
"1020","4","guardó_código","Archivo: codigos_fuenteusuario_4proyecto_4Forma.java","2025-04-03 22:58:49.000000"
"1021","4","compiló_java","Éxito en proyecto 4","2025-04-03 23:03:38.000000"
"1022","4","creó_clase","Clase 'ProductoFisico' creada en el diagrama (java). Archivo generado en codigos_fuenteusuario_4proyecto_4ProductoFisico.java","2025-04-03 23:05:02.000000"
"1023","4","creó_atributo","Atributo 'private double precio' agregado a la clase 'Circulo' en proyecto 4","2025-04-03 23:10:18.000000"
"1024","4","modificó_clase","Error al modificar clase 'Animal': nombre inválido","2025-04-03 23:11:25.000000"
"1025","4","guardó_código","Archivo: codigos_fuenteusuario_4proyecto_4Triangulo.java","2025-04-03 23:16:12.000000"
"1026","4","modificó_método","Método 'frenar()' de clase 'Pila': cuerpo actualizado en editor Monaco","2025-04-03 23:19:12.000000"
"1027","4","creó_atributo","Atributo 'protected int salario' agregado a la clase 'Circulo' en proyecto 4","2025-04-03 23:22:36.000000"
"1028","4","guardó_código","Archivo: codigos_fuenteusuario_4proyecto_4Triangulo.java","2025-04-03 23:24:05.000000"
"1029","4","modificó_herencia","Relación de herencia modificada: 'Animal' ahora hereda de 'Estudiante' (antes diferente)","2025-04-03 23:31:26.000000"
"1030","4","estableció_herencia","Relación de herencia creada: 'Auto' extiende a 'Animal' en proyecto 4","2025-04-03 23:36:18.000000"
"1031","4","compiló_java","Éxito en proyecto 4","2025-04-03 23:38:59.000000"
"1032","4","creó_atributo","Atributo 'public double anio' agregado a la clase 'Hexagono' en proyecto 4","2025-04-03 23:46:57.000000"
"1033","4","creó_método","Método 'String calcularSalario()' agregado a la clase 'Estudiante' en proyecto 4","2025-04-03 23:52:02.000000"
"1034","4","creó_método","Error: firma duplicada al crear método en 'CuentaCorriente'","2025-04-03 23:59:28.000000"
"1035","4","guardó_código","Archivo: codigos_fuenteusuario_4proyecto_4Animal.java","2025-04-04 00:06:44.000000"
"1036","4","creó_clase","Clase 'Perro' creada en el diagrama (java). Archivo generado en codigos_fuenteusuario_4proyecto_4Perro.java","2025-04-04 00:12:08.000000"
"1037","4","eliminó_clase","Clase 'Persona' eliminada del diagrama. Archivo físico removido del proyecto 4","2025-04-04 00:14:46.000000"
"1038","4","modificó_clase","Clase 'Animal' modificada: se actualizó el modificador de acceso a 'private'","2025-04-04 00:21:11.000000"
"1039","4","creó_clase","Clase 'Persona' creada en el diagrama (java). Archivo generado en codigos_fuenteusuario_4proyecto_4Persona.java","2025-04-04 00:25:27.000000"
"1040","4","modificó_clase","Clase 'Vehiculo' modificada: se actualizó el modificador de acceso a 'public'","2025-04-04 00:29:10.000000"
"1041","4","estableció_herencia","Relación de herencia creada: 'CuentaAhorro' extiende a 'Animal' en proyecto 4","2025-04-04 00:34:28.000000"
"1042","4","guardó_código","Archivo: codigos_fuenteusuario_4proyecto_4Empleado.java","2025-04-04 00:39:05.000000"
"1043","4","modificó_clase","Clase 'Auto' modificada: se actualizó el modificador de acceso a 'public'","2025-04-04 00:46:09.000000"
"1044","4","creó_clase","Clase 'Camion' creada en el diagrama (java). Archivo generado en codigos_fuenteusuario_4proyecto_4Camion.java","2025-04-04 00:48:43.000000"
"1045","4","compiló_java","Éxito en proyecto 4","2025-04-04 00:55:40.000000"
"1046","4","creó_método","Método 'int calcularSalario()' agregado a la clase 'Perro' en proyecto 4","2025-04-04 00:59:03.000000"
"1047","4","creó_método","Método 'boolean calcularSalario()' agregado a la clase 'CuentaCorriente' en proyecto 4","2025-04-04 01:06:10.000000"
"1048","4","creó_método","Método 'String frenar()' agregado a la clase 'ProductoDigital' en proyecto 4","2025-04-04 01:10:34.000000"
"1049","4","cerró_sesión_inactividad","El sistema cerró la sesión por 10 min sin actividad. Usuario 4 en proyecto 4","2025-04-04 01:16:52.000000"
"1050","4","abrió_sesión","Usuario 4 inició sesión y abrió el proyecto 4","2025-04-30 23:19:00.000000"
"1051","4","eliminó_clase","Clase 'CuentaAhorro' eliminada del diagrama. Archivo físico removido del proyecto 4","2025-04-30 23:23:01.000000"
"1052","4","compiló_java","Éxito en proyecto 4","2025-04-30 23:25:44.000000"
"1053","4","creó_clase","Clase 'CuentaAhorro' creada en el diagrama (java). Archivo generado en codigos_fuenteusuario_4proyecto_4CuentaAhorro.java","2025-04-30 23:27:33.000000"
"1054","4","modificó_atributo","Atributo 'modelo' de clase 'Forma' modificado: tipo cambiado a 'float'","2025-04-30 23:30:38.000000"
"1055","4","creó_atributo","Atributo 'private int matricula' agregado a la clase 'Poligono' en proyecto 4","2025-04-30 23:31:13.000000"
"1056","4","guardó_código","Archivo: codigos_fuenteusuario_4proyecto_4Gato.java","2025-04-30 23:31:43.000000"
"1057","4","eliminó_atributo","Atributo 'tasa' eliminado de la clase 'Hexagono'","2025-04-30 23:36:40.000000"
"1058","4","modificó_clase","Clase 'Vehiculo' modificada: se actualizó el modificador de acceso a 'private'","2025-04-30 23:44:07.000000"
"1059","4","creó_atributo","Atributo 'public float radio' agregado a la clase 'Moto' en proyecto 4","2025-04-30 23:51:05.000000"
"1060","4","creó_clase","Clase 'Clase4_1060' creada en el diagrama (java). Archivo generado en codigos_fuenteusuario_4proyecto_4Clase4_1060.java","2025-04-30 23:58:49.000000"
"1061","4","modificó_herencia","Relación de herencia modificada: 'CuentaBancaria' ahora hereda de 'Poligono' (antes diferente)","2025-05-01 00:00:28.000000"
"1062","4","creó_clase","Clase 'Clase4_1062' creada en el diagrama (java). Archivo generado en codigos_fuenteusuario_4proyecto_4Clase4_1062.java","2025-05-01 00:03:54.000000"
"1063","4","estableció_herencia","Relación de herencia creada: 'Persona' extiende a 'ListaEnlazada' en proyecto 4","2025-05-01 00:06:50.000000"
"1064","4","modificó_clase","Clase 'Nodo' modificada: se actualizó el modificador de acceso a 'public'","2025-05-01 00:11:20.000000"
"1065","4","eliminó_método","Método 'setNombre()' eliminado de la clase 'ProductoDigital'","2025-05-01 00:16:23.000000"
"1066","4","modificó_atributo","Atributo 'departamento' de clase 'Poligono' modificado: tipo cambiado a 'String'","2025-05-01 00:16:57.000000"
"1067","4","creó_atributo","Error: tipo de dato no reconocido en atributo de 'Producto'","2025-05-01 00:23:19.000000"
"1068","4","creó_atributo","Atributo 'public char edad' agregado a la clase 'CuentaAhorro' en proyecto 4","2025-05-01 00:28:00.000000"
"1069","4","modificó_clase","Clase 'Pila' modificada: se actualizó el modificador de acceso a 'private'","2025-05-01 00:34:56.000000"
"1070","4","creó_atributo","Atributo 'private String kilometraje' agregado a la clase 'Poligono' en proyecto 4","2025-05-01 00:39:30.000000"
"1071","4","modificó_método","Método 'retirar()' de clase 'Estudiante': cuerpo actualizado en editor Monaco","2025-05-01 00:42:33.000000"
"1072","4","guardó_código","Archivo: codigos_fuenteusuario_4proyecto_4ProductoFisico.java","2025-05-01 00:43:07.000000"
"1073","4","creó_atributo","Atributo 'public boolean edad' agregado a la clase 'Gato' en proyecto 4","2025-05-01 00:50:09.000000"
"1074","4","eliminó_clase","Clase 'Hexagono' eliminada del diagrama. Archivo físico removido del proyecto 4","2025-05-01 00:54:19.000000"
"1075","4","guardó_código","Archivo: codigos_fuenteusuario_4proyecto_4Vehiculo.java","2025-05-01 01:01:37.000000"
"1076","4","creó_clase","Error al crear clase 'Hexagono': nombre duplicado en proyecto 4","2025-05-01 01:04:36.000000"
"1077","4","modificó_método","Método 'setEdad()' de clase 'ProductoFisico': cuerpo actualizado en editor Monaco","2025-05-01 01:10:11.000000"
"1078","4","eliminó_clase","Clase 'Perro' eliminada del diagrama. Archivo físico removido del proyecto 4","2025-05-01 01:12:39.000000"
"1079","4","guardó_código","Archivo: codigos_fuenteusuario_4proyecto_4Pila.java","2025-05-01 01:19:56.000000"
"1080","4","compiló_java","Fallo en proyecto 4. error: cannot find symbol: variable salario","2025-05-01 01:20:29.000000"
"1081","4","creó_atributo","Atributo 'protected int precio' agregado a la clase 'Cola' en proyecto 4","2025-05-01 01:25:39.000000"
"1082","4","modificó_atributo","Atributo 'cargo' de clase 'Cola' modificado: tipo cambiado a 'String'","2025-05-01 01:29:20.000000"
"1083","4","guardó_código","Archivo: codigos_fuenteusuario_4proyecto_4Auto.java","2025-05-01 01:31:26.000000"
"1084","4","creó_atributo","Atributo 'private boolean modelo' agregado a la clase 'ProductoDigital' en proyecto 4","2025-05-01 01:35:26.000000"
"1085","4","creó_método","Método 'boolean acelerar()' agregado a la clase 'Vehiculo' en proyecto 4","2025-05-01 01:40:43.000000"
"1086","4","modificó_atributo","Atributo 'departamento' de clase 'ProductoDigital' modificado: tipo cambiado a 'float'","2025-05-01 01:44:56.000000"
"1087","4","guardó_código","Archivo: codigos_fuenteusuario_4proyecto_4Gerente.java","2025-05-01 01:48:48.000000"
"1088","4","modificó_método","Método 'getEdad()' de clase 'Nodo': cuerpo actualizado en editor Monaco","2025-05-01 01:51:25.000000"
"1089","4","creó_atributo","Atributo 'private float matricula' agregado a la clase 'ListaEnlazada' en proyecto 4","2025-05-01 01:53:18.000000"
"1090","4","eliminó_clase","Clase 'ProductoFisico' eliminada del diagrama. Archivo físico removido del proyecto 4","2025-05-01 01:59:54.000000"
"1091","4","guardó_código","Archivo: codigos_fuenteusuario_4proyecto_4Forma.java","2025-05-01 02:06:41.000000"
"1092","4","modificó_método","Método 'obtenerInfo()' de clase 'Rectangulo': cuerpo actualizado en editor Monaco","2025-05-01 02:12:41.000000"
"1093","4","creó_clase","Clase 'Perro' creada en el diagrama (java). Archivo generado en codigos_fuenteusuario_4proyecto_4Perro.java","2025-05-01 02:16:30.000000"
"1094","4","guardó_código","Archivo: codigos_fuenteusuario_4proyecto_4CuentaBancaria.java","2025-05-01 02:24:04.000000"
"1095","4","guardó_código","Archivo: codigos_fuenteusuario_4proyecto_4Pila.java","2025-05-01 02:27:47.000000"
"1096","4","creó_método","Método 'double getPrecio()' agregado a la clase 'CuentaBancaria' en proyecto 4","2025-05-01 02:30:09.000000"
"1097","4","modificó_método","Método 'setNombre()' de clase 'Triangulo': cuerpo actualizado en editor Monaco","2025-05-01 02:32:53.000000"
"1098","4","guardó_código","Archivo: codigos_fuenteusuario_4proyecto_4ProductoDigital.java","2025-05-01 02:34:03.000000"
"1099","4","creó_clase","Clase 'ProductoFisico' creada en el diagrama (java). Archivo generado en codigos_fuenteusuario_4proyecto_4ProductoFisico.java","2025-05-01 02:38:09.000000"
"1100","4","compiló_java","Éxito en proyecto 4","2025-05-01 02:43:59.000000"
"1101","4","creó_clase","Clase 'Hexagono' creada en el diagrama (java). Archivo generado en codigos_fuenteusuario_4proyecto_4Hexagono.java","2025-05-01 02:46:31.000000"
"1102","4","eliminó_clase","Clase 'CuentaAhorro' eliminada del diagrama. Archivo físico removido del proyecto 4","2025-05-01 02:51:25.000000"
"1103","4","creó_clase","Clase 'CuentaAhorro' creada en el diagrama (java). Archivo generado en codigos_fuenteusuario_4proyecto_4CuentaAhorro.java","2025-05-01 02:58:26.000000"
"1104","4","modificó_herencia","Relación de herencia modificada: 'Auto' ahora hereda de 'Animal' (antes diferente)","2025-05-01 03:05:45.000000"
"1105","4","guardó_código","Archivo: codigos_fuenteusuario_4proyecto_4Gerente.java","2025-05-01 03:11:28.000000"
"1106","4","cerró_sesión_inactividad","El sistema cerró la sesión por 10 min sin actividad. Usuario 4 en proyecto 4","2025-05-01 03:18:51.000000"
"1107","5","abrió_sesión","Usuario 5 inició sesión y abrió el proyecto 5","2025-02-16 23:44:00.000000"
"1108","5","creó_clase","Error al crear clase 'CuentaAhorro': nombre duplicado en proyecto 5","2025-02-16 23:45:23.000000"
"1109","5","creó_clase","Clase 'Auto' creada en el diagrama (cpp). Archivo generado en codigos_fuenteusuario_5proyecto_5Auto.cpp","2025-02-16 23:47:18.000000"
"1110","5","guardó_código","Archivo: codigos_fuenteusuario_5proyecto_5Auto.cpp","2025-02-16 23:54:33.000000"
"1111","5","guardó_código","Archivo: codigos_fuenteusuario_5proyecto_5Auto.cpp","2025-02-16 23:56:35.000000"
"1112","5","modificó_clase","Clase 'Auto' modificada: se actualizó el modificador de acceso a 'public'","2025-02-17 00:01:46.000000"
"1113","5","creó_atributo","Atributo 'protected char peso' agregado a la clase 'Auto' en proyecto 5","2025-02-17 00:05:41.000000"
"1114","5","modificó_clase","Clase 'Auto' modificada: se actualizó el modificador de acceso a 'protected'","2025-02-17 00:10:29.000000"
"1115","5","modificó_atributo","Atributo 'marca' de clase 'Auto' modificado: tipo cambiado a 'float'","2025-02-17 00:13:51.000000"
"1116","5","modificó_método","Error de sintaxis al modificar método en 'Auto'","2025-02-17 00:19:57.000000"
"1117","5","guardó_código","Archivo: codigos_fuenteusuario_5proyecto_5Auto.cpp","2025-02-17 00:21:47.000000"
"1118","5","creó_atributo","Atributo 'public char tasa' agregado a la clase 'Auto' en proyecto 5","2025-02-17 00:26:50.000000"
"1119","5","creó_método","Método 'String setNombre()' agregado a la clase 'Auto' en proyecto 5","2025-02-17 00:32:27.000000"
"1120","5","guardó_código","Archivo: codigos_fuenteusuario_5proyecto_5Auto.cpp","2025-02-17 00:36:43.000000"
"1121","5","guardó_código","Archivo: codigos_fuenteusuario_5proyecto_5Auto.cpp","2025-02-17 00:40:13.000000"
"1122","5","modificó_clase","Clase 'Auto' modificada: se actualizó el modificador de acceso a 'private'","2025-02-17 00:43:24.000000"
"1123","5","modificó_método","Método 'calcularArea()' de clase 'Auto': cuerpo actualizado en editor Monaco","2025-02-17 00:48:35.000000"
"1124","5","creó_atributo","Atributo 'protected String color' agregado a la clase 'Auto' en proyecto 5","2025-02-17 00:51:51.000000"
"1125","5","creó_atributo","Atributo 'protected float matricula' agregado a la clase 'Auto' en proyecto 5","2025-02-17 00:59:33.000000"
"1126","5","creó_atributo","Atributo 'protected String color' agregado a la clase 'Auto' en proyecto 5","2025-02-17 01:03:13.000000"
"1127","5","creó_atributo","Atributo 'public boolean saldo' agregado a la clase 'Auto' en proyecto 5","2025-02-17 01:07:14.000000"
"1128","5","guardó_código","Archivo: codigos_fuenteusuario_5proyecto_5Auto.cpp","2025-02-17 01:14:15.000000"
"1129","5","modificó_método","Método 'inicializar()' de clase 'Auto': cuerpo actualizado en editor Monaco","2025-02-17 01:20:09.000000"
"1130","5","creó_clase","Clase 'Circulo' creada en el diagrama (cpp). Archivo generado en codigos_fuenteusuario_5proyecto_5Circulo.cpp","2025-02-17 01:24:19.000000"
"1131","5","guardó_código","Archivo: codigos_fuenteusuario_5proyecto_5Circulo.cpp","2025-02-17 01:31:51.000000"
"1132","5","creó_método","Método 'int frenar()' agregado a la clase 'Circulo' en proyecto 5","2025-02-17 01:38:32.000000"
"1133","5","creó_método","Error: firma duplicada al crear método en 'Circulo'","2025-02-17 01:41:47.000000"
"1134","5","creó_método","Método 'int transferir()' agregado a la clase 'Circulo' en proyecto 5","2025-02-17 01:47:28.000000"
"1135","5","modificó_clase","Clase 'Circulo' modificada: se actualizó el modificador de acceso a 'public'","2025-02-17 01:50:01.000000"
"1136","5","eliminó_clase","Error al eliminar clase 'Auto': tiene dependencias activas","2025-02-17 01:55:19.000000"
"1137","5","compiló_cpp","Fallo en proyecto 5. error: 'nombre' was not declared in this scope","2025-02-17 02:00:28.000000"
"1138","5","modificó_atributo","Atributo 'saldo' de clase 'Circulo' modificado: tipo cambiado a 'boolean'","2025-02-17 02:02:47.000000"
"1139","5","guardó_código","Archivo: codigos_fuenteusuario_5proyecto_5Auto.cpp","2025-02-17 02:06:29.000000"
"1140","5","creó_método","Método 'void depositar()' agregado a la clase 'Circulo' en proyecto 5","2025-02-17 02:13:31.000000"
"1141","5","creó_método","Método 'String setNombre()' agregado a la clase 'Circulo' en proyecto 5","2025-02-17 02:18:42.000000"
"1142","5","creó_clase","Clase 'Persona' creada en el diagrama (cpp). Archivo generado en codigos_fuenteusuario_5proyecto_5Persona.cpp","2025-02-17 02:25:33.000000"
"1143","5","guardó_código","Archivo: codigos_fuenteusuario_5proyecto_5Persona.cpp","2025-02-17 02:28:13.000000"
"1144","5","creó_método","Método 'String caminar()' agregado a la clase 'Circulo' en proyecto 5","2025-02-17 02:31:47.000000"
"1145","5","compiló_cpp","Éxito en proyecto 5","2025-02-17 02:36:08.000000"
"1146","5","creó_clase","Clase 'Nodo' creada en el diagrama (cpp). Archivo generado en codigos_fuenteusuario_5proyecto_5Nodo.cpp","2025-02-17 02:40:27.000000"
"1147","5","modificó_atributo","Atributo 'descripcion' de clase 'Nodo' modificado: tipo cambiado a 'float'","2025-02-17 02:44:20.000000"
"1148","5","guardó_código","Archivo: codigos_fuenteusuario_5proyecto_5Auto.cpp","2025-02-17 02:44:50.000000"
"1149","5","creó_método","Método 'int setNombre()' agregado a la clase 'Nodo' en proyecto 5","2025-02-17 02:51:31.000000"
"1150","5","creó_atributo","Atributo 'protected int velocidad' agregado a la clase 'Persona' en proyecto 5","2025-02-17 02:52:18.000000"
"1151","5","creó_atributo","Atributo 'private double departamento' agregado a la clase 'Persona' en proyecto 5","2025-02-17 02:55:13.000000"
"1152","5","compiló_cpp","Fallo en proyecto 5. error: no matching function for call to 'validar()'","2025-02-17 03:00:48.000000"
"1153","5","modificó_clase","Error al modificar clase 'Circulo': nombre inválido","2025-02-17 03:01:26.000000"
"1154","5","creó_clase","Clase 'Rectangulo' creada en el diagrama (cpp). Archivo generado en codigos_fuenteusuario_5proyecto_5Rectangulo.cpp","2025-02-17 03:06:21.000000"
"1155","5","compiló_cpp","Éxito en proyecto 5","2025-02-17 03:08:00.000000"
"1156","5","guardó_código","Archivo: codigos_fuenteusuario_5proyecto_5Nodo.cpp","2025-02-17 03:11:04.000000"
"1157","5","creó_atributo","Atributo 'protected double modelo' agregado a la clase 'Circulo' en proyecto 5","2025-02-17 03:11:37.000000"
"1158","5","modificó_clase","Clase 'Rectangulo' modificada: se actualizó el modificador de acceso a 'protected'","2025-02-17 03:14:40.000000"
"1159","5","modificó_método","Método 'depositar()' de clase 'Rectangulo': cuerpo actualizado en editor Monaco","2025-02-17 03:17:03.000000"
"1160","5","modificó_método","Error de sintaxis al modificar método en 'Persona'","2025-02-17 03:19:22.000000"
"1161","5","creó_atributo","Error: tipo de dato no reconocido en atributo de 'Circulo'","2025-02-17 03:27:10.000000"
"1162","5","modificó_método","Método 'retirar()' de clase 'Circulo': cuerpo actualizado en editor Monaco","2025-02-17 03:30:21.000000"
"1163","5","creó_clase","Error al crear clase 'ProductoDigital': nombre duplicado en proyecto 5","2025-02-17 03:31:02.000000"
"1164","5","guardó_código","Archivo: codigos_fuenteusuario_5proyecto_5Auto.cpp","2025-02-17 03:38:07.000000"
"1165","5","eliminó_clase","Clase 'Persona' eliminada del diagrama. Archivo físico removido del proyecto 5","2025-02-17 03:45:37.000000"
"1166","5","estableció_herencia","Relación de herencia creada: 'Circulo' extiende a 'Nodo' en proyecto 5","2025-02-17 03:52:00.000000"
"1167","5","modificó_clase","Clase 'Nodo' modificada: se actualizó el modificador de acceso a 'public'","2025-02-17 03:59:31.000000"
"1168","5","creó_clase","Clase 'ProductoFisico' creada en el diagrama (cpp). Archivo generado en codigos_fuenteusuario_5proyecto_5ProductoFisico.cpp","2025-02-17 04:02:22.000000"
"1169","5","creó_método","Método 'int transferir()' agregado a la clase 'ProductoFisico' en proyecto 5","2025-02-17 04:07:35.000000"
"1170","5","creó_atributo","Atributo 'public String cargo' agregado a la clase 'Auto' en proyecto 5","2025-02-17 04:12:26.000000"
"1171","5","cerró_sesión_inactividad","El sistema cerró la sesión por 10 min sin actividad. Usuario 5 en proyecto 5","2025-02-17 04:17:40.000000"
"1172","5","abrió_sesión","Usuario 5 inició sesión y abrió el proyecto 5","2025-02-25 21:11:00.000000"
"1173","5","creó_método","Método 'boolean setNombre()' agregado a la clase 'Circulo' en proyecto 5","2025-02-25 21:15:41.000000"
"1174","5","creó_método","Método 'int setNombre()' agregado a la clase 'Rectangulo' en proyecto 5","2025-02-25 21:20:13.000000"
"1175","5","modificó_atributo","Error: tipo incompatible al modificar atributo en 'Nodo'","2025-02-25 21:21:53.000000"
"1176","5","modificó_atributo","Atributo 'modelo' de clase 'Nodo' modificado: tipo cambiado a 'int'","2025-02-25 21:23:46.000000"
"1177","5","estableció_herencia","Relación de herencia creada: 'ProductoFisico' extiende a 'Rectangulo' en proyecto 5","2025-02-25 21:25:54.000000"
"1178","5","modificó_clase","Clase 'ProductoFisico' modificada: se actualizó el modificador de acceso a 'protected'","2025-02-25 21:28:19.000000"
"1179","5","modificó_clase","Clase 'ProductoFisico' modificada: se actualizó el modificador de acceso a 'private'","2025-02-25 21:29:05.000000"
"1180","5","guardó_código","Archivo: codigos_fuenteusuario_5proyecto_5Auto.cpp","2025-02-25 21:33:04.000000"
"1181","5","estableció_herencia","Relación de herencia creada: 'ProductoFisico' extiende a 'Circulo' en proyecto 5","2025-02-25 21:40:05.000000"
"1182","5","eliminó_clase","Clase 'Circulo' eliminada del diagrama. Archivo físico removido del proyecto 5","2025-02-25 21:40:42.000000"
"1183","5","creó_clase","Clase 'Cola' creada en el diagrama (cpp). Archivo generado en codigos_fuenteusuario_5proyecto_5Cola.cpp","2025-02-25 21:43:30.000000"
"1184","5","creó_clase","Clase 'Forma' creada en el diagrama (cpp). Archivo generado en codigos_fuenteusuario_5proyecto_5Forma.cpp","2025-02-25 21:47:31.000000"
"1185","5","creó_método","Método 'double validar()' agregado a la clase 'Cola' en proyecto 5","2025-02-25 21:49:54.000000"
"1186","5","eliminó_método","Error al eliminar método: no encontrado en 'Auto'","2025-02-25 21:56:44.000000"
"1187","5","estableció_herencia","Error: herencia circular detectada entre 'Rectangulo' y 'Nodo'","2025-02-25 22:02:57.000000"
"1188","5","eliminó_método","Método 'frenar()' eliminado de la clase 'Nodo'","2025-02-25 22:05:10.000000"
"1189","5","eliminó_atributo","Error al eliminar atributo: no encontrado en 'Rectangulo'","2025-02-25 22:12:07.000000"
"1190","5","modificó_método","Método 'depositar()' de clase 'Rectangulo': cuerpo actualizado en editor Monaco","2025-02-25 22:14:21.000000"
"1191","5","creó_clase","Clase 'Gerente' creada en el diagrama (cpp). Archivo generado en codigos_fuenteusuario_5proyecto_5Gerente.cpp","2025-02-25 22:15:24.000000"
"1192","5","compiló_cpp","Éxito en proyecto 5","2025-02-25 22:17:24.000000"
"1193","5","creó_método","Método 'boolean consultarSaldo()' agregado a la clase 'Auto' en proyecto 5","2025-02-25 22:21:38.000000"
"1194","5","modificó_atributo","Atributo 'peso' de clase 'Forma' modificado: tipo cambiado a 'boolean'","2025-02-25 22:29:31.000000"
"1195","5","creó_clase","Clase 'Producto' creada en el diagrama (cpp). Archivo generado en codigos_fuenteusuario_5proyecto_5Producto.cpp","2025-02-25 22:35:16.000000"
"1196","5","creó_clase","Clase 'Moto' creada en el diagrama (cpp). Archivo generado en codigos_fuenteusuario_5proyecto_5Moto.cpp","2025-02-25 22:39:56.000000"
"1197","5","creó_clase","Clase 'Perro' creada en el diagrama (cpp). Archivo generado en codigos_fuenteusuario_5proyecto_5Perro.cpp","2025-02-25 22:46:18.000000"
"1198","5","creó_atributo","Error: tipo de dato no reconocido en atributo de 'Perro'","2025-02-25 22:49:34.000000"
"1199","5","modificó_clase","Error al modificar clase 'Auto': nombre inválido","2025-02-25 22:57:27.000000"
"1200","5","modificó_método","Método 'setPrecio()' de clase 'Rectangulo': cuerpo actualizado en editor Monaco","2025-02-25 23:01:51.000000"
"1201","5","creó_método","Método 'boolean calcularSalario()' agregado a la clase 'Perro' en proyecto 5","2025-02-25 23:04:27.000000"
"1202","5","estableció_herencia","Relación de herencia creada: 'Forma' extiende a 'Nodo' en proyecto 5","2025-02-25 23:08:35.000000"
"1203","5","compiló_cpp","Fallo en proyecto 5. error: no matching function for call to 'calcularArea()'","2025-02-25 23:12:32.000000"
"1204","5","modificó_clase","Clase 'Producto' modificada: se actualizó el modificador de acceso a 'private'","2025-02-25 23:19:39.000000"
"1205","5","creó_método","Método 'int setPrecio()' agregado a la clase 'Forma' en proyecto 5","2025-02-25 23:20:30.000000"
"1206","5","creó_clase","Clase 'Poligono' creada en el diagrama (cpp). Archivo generado en codigos_fuenteusuario_5proyecto_5Poligono.cpp","2025-02-25 23:26:11.000000"
"1207","5","creó_método","Método 'boolean setPrecio()' agregado a la clase 'Poligono' en proyecto 5","2025-02-25 23:32:57.000000"
"1208","5","modificó_atributo","Error: tipo incompatible al modificar atributo en 'Cola'","2025-02-25 23:40:29.000000"
"1209","5","creó_método","Error: firma duplicada al crear método en 'Cola'","2025-02-25 23:44:13.000000"
"1210","5","estableció_herencia","Relación de herencia creada: 'Poligono' extiende a 'Perro' en proyecto 5","2025-02-25 23:50:51.000000"
"1211","5","creó_método","Método 'int getEdad()' agregado a la clase 'Poligono' en proyecto 5","2025-02-25 23:54:01.000000"
"1212","5","eliminó_herencia","Relación de herencia eliminada entre 'ProductoFisico' y 'Rectangulo'","2025-02-25 23:57:52.000000"
"1213","5","modificó_método","Método 'consultarSaldo()' de clase 'Producto': cuerpo actualizado en editor Monaco","2025-02-26 00:03:35.000000"
"1214","5","eliminó_herencia","Relación de herencia eliminada entre 'Poligono' y 'Perro'","2025-02-26 00:10:25.000000"
"1215","5","creó_método","Método 'int obtenerNombre()' agregado a la clase 'Forma' en proyecto 5","2025-02-26 00:15:47.000000"
"1216","5","guardó_código","Archivo: codigos_fuenteusuario_5proyecto_5Cola.cpp","2025-02-26 00:21:21.000000"
"1217","5","creó_atributo","Atributo 'private int descripcion' agregado a la clase 'Nodo' en proyecto 5","2025-02-26 00:26:25.000000"
"1218","5","creó_atributo","Atributo 'private boolean marca' agregado a la clase 'Poligono' en proyecto 5","2025-02-26 00:31:23.000000"
"1219","5","guardó_código","Archivo: codigos_fuenteusuario_5proyecto_5Rectangulo.cpp","2025-02-26 00:37:21.000000"
"1220","5","estableció_herencia","Error: herencia circular detectada entre 'Moto' y 'Producto'","2025-02-26 00:45:19.000000"
"1221","5","modificó_clase","Clase 'Poligono' modificada: se actualizó el modificador de acceso a 'private'","2025-02-26 00:51:49.000000"
"1222","5","estableció_herencia","Error: herencia circular detectada entre 'Gerente' y 'Producto'","2025-02-26 00:59:01.000000"
"1223","5","compiló_cpp","Éxito en proyecto 5","2025-02-26 00:59:50.000000"
"1224","5","creó_atributo","Atributo 'public boolean saldo' agregado a la clase 'Poligono' en proyecto 5","2025-02-26 01:04:46.000000"
"1225","5","compiló_cpp","Fallo en proyecto 5. error: expected ';' before '}' token","2025-02-26 01:06:11.000000"
"1226","5","compiló_cpp","Éxito en proyecto 5","2025-02-26 01:10:32.000000"
"1227","5","modificó_método","Error de sintaxis al modificar método en 'Gerente'","2025-02-26 01:14:55.000000"
"1228","5","creó_método","Método 'String calcularPerimetro()' agregado a la clase 'Perro' en proyecto 5","2025-02-26 01:22:28.000000"
"1229","5","eliminó_atributo","Atributo 'peso' eliminado de la clase 'Forma'","2025-02-26 01:30:27.000000"
"1230","5","estableció_herencia","Error: herencia circular detectada entre 'Moto' y 'Forma'","2025-02-26 01:31:18.000000"
"1231","5","cerró_sesión_inactividad","El sistema cerró la sesión por 10 min sin actividad. Usuario 5 en proyecto 5","2025-02-26 01:39:17.000000"
"1232","5","abrió_sesión","Usuario 5 inició sesión y abrió el proyecto 5","2025-03-19 18:07:00.000000"
"1233","5","modificó_método","Método 'consultarSaldo()' de clase 'Cola': cuerpo actualizado en editor Monaco","2025-03-19 18:14:11.000000"
"1234","5","guardó_código","Archivo: codigos_fuenteusuario_5proyecto_5ProductoFisico.cpp","2025-03-19 18:15:00.000000"
"1235","5","creó_atributo","Atributo 'private double altura' agregado a la clase 'Moto' en proyecto 5","2025-03-19 18:22:08.000000"
"1236","5","guardó_código","Archivo: codigos_fuenteusuario_5proyecto_5Rectangulo.cpp","2025-03-19 18:24:21.000000"
"1237","5","modificó_herencia","Relación de herencia modificada: 'Forma' ahora hereda de 'Nodo' (antes diferente)","2025-03-19 18:25:38.000000"
"1238","5","creó_método","Método 'String setPrecio()' agregado a la clase 'Forma' en proyecto 5","2025-03-19 18:29:55.000000"
"1239","5","guardó_código","Archivo: codigos_fuenteusuario_5proyecto_5Perro.cpp","2025-03-19 18:34:44.000000"
"1240","5","creó_atributo","Error: tipo de dato no reconocido en atributo de 'Nodo'","2025-03-19 18:35:26.000000"
"1241","5","modificó_atributo","Atributo 'cargo' de clase 'Moto' modificado: tipo cambiado a 'int'","2025-03-19 18:42:45.000000"
"1242","5","creó_atributo","Atributo 'public String base' agregado a la clase 'Nodo' en proyecto 5","2025-03-19 18:47:22.000000"
"1243","5","estableció_herencia","Relación de herencia creada: 'Producto' extiende a 'Poligono' en proyecto 5","2025-03-19 18:52:08.000000"
"1244","5","creó_atributo","Atributo 'private boolean kilometraje' agregado a la clase 'Cola' en proyecto 5","2025-03-19 18:53:56.000000"
"1245","5","creó_método","Método 'double setPrecio()' agregado a la clase 'Producto' en proyecto 5","2025-03-19 18:56:03.000000"
"1246","5","modificó_atributo","Atributo 'salario' de clase 'Nodo' modificado: tipo cambiado a 'float'","2025-03-19 18:59:27.000000"
"1247","5","modificó_herencia","Error al modificar herencia: clase base 'Nodo' no compatible","2025-03-19 19:04:04.000000"
"1248","5","guardó_código","Archivo: codigos_fuenteusuario_5proyecto_5Perro.cpp","2025-03-19 19:10:49.000000"
"1249","5","creó_atributo","Atributo 'protected double kilometraje' agregado a la clase 'Forma' en proyecto 5","2025-03-19 19:18:46.000000"
"1250","5","creó_método","Método 'String calcularPerimetro()' agregado a la clase 'Producto' en proyecto 5","2025-03-19 19:23:44.000000"
"1251","5","modificó_atributo","Atributo 'radio' de clase 'Producto' modificado: tipo cambiado a 'boolean'","2025-03-19 19:26:52.000000"
"1252","5","modificó_clase","Clase 'Perro' modificada: se actualizó el modificador de acceso a 'protected'","2025-03-19 19:33:59.000000"
"1253","5","creó_atributo","Atributo 'protected boolean codigo' agregado a la clase 'Nodo' en proyecto 5","2025-03-19 19:37:16.000000"
"1254","5","creó_método","Método 'boolean transferir()' agregado a la clase 'Gerente' en proyecto 5","2025-03-19 19:38:59.000000"
"1255","5","eliminó_herencia","Relación de herencia eliminada entre 'Producto' y 'Poligono'","2025-03-19 19:46:02.000000"
"1256","5","compiló_cpp","Éxito en proyecto 5","2025-03-19 19:53:58.000000"
"1257","5","creó_método","Método 'int setPrecio()' agregado a la clase 'Gerente' en proyecto 5","2025-03-19 19:55:18.000000"
"1258","5","modificó_método","Método 'setPrecio()' de clase 'Rectangulo': cuerpo actualizado en editor Monaco","2025-03-19 20:02:48.000000"
"1259","5","compiló_cpp","Éxito en proyecto 5","2025-03-19 20:07:42.000000"
"1260","5","modificó_atributo","Atributo 'salario' de clase 'Perro' modificado: tipo cambiado a 'String'","2025-03-19 20:13:58.000000"
"1261","5","modificó_herencia","Relación de herencia modificada: 'Forma' ahora hereda de 'Nodo' (antes diferente)","2025-03-19 20:15:35.000000"
"1262","5","compiló_cpp","Fallo en proyecto 5. error: 'class' redefinition","2025-03-19 20:17:50.000000"
"1263","5","modificó_método","Método 'depositar()' de clase 'Poligono': cuerpo actualizado en editor Monaco","2025-03-19 20:24:30.000000"
"1264","5","estableció_herencia","Relación de herencia creada: 'Auto' extiende a 'Poligono' en proyecto 5","2025-03-19 20:25:18.000000"
"1265","5","modificó_clase","Clase 'Poligono' modificada: se actualizó el modificador de acceso a 'private'","2025-03-19 20:29:43.000000"
"1266","5","creó_método","Método 'String getPrecio()' agregado a la clase 'Perro' en proyecto 5","2025-03-19 20:33:31.000000"
"1267","5","creó_método","Error: firma duplicada al crear método en 'Cola'","2025-03-19 20:40:06.000000"
"1268","5","estableció_herencia","Error: herencia circular detectada entre 'Forma' y 'Gerente'","2025-03-19 20:47:58.000000"
"1269","5","creó_clase","Clase 'ListaEnlazada' creada en el diagrama (cpp). Archivo generado en codigos_fuenteusuario_5proyecto_5ListaEnlazada.cpp","2025-03-19 20:52:55.000000"
"1270","5","compiló_cpp","Éxito en proyecto 5","2025-03-19 20:54:24.000000"
"1271","5","eliminó_herencia","Relación de herencia eliminada entre 'Forma' y 'Nodo'","2025-03-19 20:54:56.000000"
"1272","5","modificó_clase","Clase 'Forma' modificada: se actualizó el modificador de acceso a 'public'","2025-03-19 20:58:05.000000"
"1273","5","modificó_atributo","Atributo 'anio' de clase 'ProductoFisico' modificado: tipo cambiado a 'double'","2025-03-19 20:58:57.000000"
"1274","5","creó_atributo","Atributo 'public String matricula' agregado a la clase 'ListaEnlazada' en proyecto 5","2025-03-19 21:05:18.000000"
"1275","5","modificó_atributo","Atributo 'base' de clase 'Rectangulo' modificado: tipo cambiado a 'double'","2025-03-19 21:13:02.000000"
"1276","5","modificó_clase","Error al modificar clase 'Gerente': nombre inválido","2025-03-19 21:18:36.000000"
"1277","5","modificó_clase","Clase 'Poligono' modificada: se actualizó el modificador de acceso a 'protected'","2025-03-19 21:26:32.000000"
"1278","5","modificó_clase","Error al modificar clase 'Auto': nombre inválido","2025-03-19 21:27:46.000000"
"1279","5","modificó_atributo","Error: tipo incompatible al modificar atributo en 'Poligono'","2025-03-19 21:31:06.000000"
"1280","5","modificó_clase","Clase 'Nodo' modificada: se actualizó el modificador de acceso a 'private'","2025-03-19 21:35:35.000000"
"1281","5","creó_método","Método 'double retirar()' agregado a la clase 'ListaEnlazada' en proyecto 5","2025-03-19 21:36:28.000000"
"1282","5","modificó_atributo","Error: tipo incompatible al modificar atributo en 'Moto'","2025-03-19 21:37:50.000000"
"1283","5","creó_atributo","Atributo 'public int modelo' agregado a la clase 'Gerente' en proyecto 5","2025-03-19 21:42:46.000000"
"1284","5","compiló_cpp","Éxito en proyecto 5","2025-03-19 21:49:48.000000"
"1285","5","guardó_código","Archivo: codigos_fuenteusuario_5proyecto_5Moto.cpp","2025-03-19 21:55:55.000000"
"1286","5","creó_método","Método 'boolean setNombre()' agregado a la clase 'Moto' en proyecto 5","2025-03-19 22:02:46.000000"
"1287","5","eliminó_clase","Clase 'Nodo' eliminada del diagrama. Archivo físico removido del proyecto 5","2025-03-19 22:05:55.000000"
"1288","5","modificó_clase","Clase 'Rectangulo' modificada: se actualizó el modificador de acceso a 'private'","2025-03-19 22:06:36.000000"
"1289","5","cerró_sesión_inactividad","El sistema cerró la sesión por 10 min sin actividad. Usuario 5 en proyecto 5","2025-03-19 22:12:01.000000"
"1290","5","abrió_sesión","Usuario 5 inició sesión y abrió el proyecto 5","2025-03-29 01:05:00.000000"
"1291","5","modificó_atributo","Atributo 'edad' de clase 'ListaEnlazada' modificado: tipo cambiado a 'double'","2025-03-29 01:09:31.000000"
"1292","5","creó_clase","Clase 'ProductoDigital' creada en el diagrama (cpp). Archivo generado en codigos_fuenteusuario_5proyecto_5ProductoDigital.cpp","2025-03-29 01:15:23.000000"
"1293","5","creó_clase","Clase 'Profesor' creada en el diagrama (cpp). Archivo generado en codigos_fuenteusuario_5proyecto_5Profesor.cpp","2025-03-29 01:22:12.000000"
"1294","5","guardó_código","Archivo: codigos_fuenteusuario_5proyecto_5Poligono.cpp","2025-03-29 01:28:21.000000"
"1295","5","creó_clase","Clase 'Camion' creada en el diagrama (cpp). Archivo generado en codigos_fuenteusuario_5proyecto_5Camion.cpp","2025-03-29 01:34:33.000000"
"1296","5","eliminó_atributo","Atributo 'radio' eliminado de la clase 'Poligono'","2025-03-29 01:35:42.000000"
"1297","5","guardó_código","Archivo: codigos_fuenteusuario_5proyecto_5Profesor.cpp","2025-03-29 01:42:02.000000"
"1298","5","eliminó_clase","Clase 'Moto' eliminada del diagrama. Archivo físico removido del proyecto 5","2025-03-29 01:47:56.000000"
"1299","5","compiló_cpp","Éxito en proyecto 5","2025-03-29 01:53:02.000000"
"1300","5","modificó_herencia","Error al modificar herencia: clase base 'Poligono' no compatible","2025-03-29 02:00:20.000000"
"1301","5","eliminó_herencia","Relación de herencia eliminada entre 'Auto' y 'Poligono'","2025-03-29 02:05:46.000000"
"1302","5","eliminó_clase","Clase 'ProductoFisico' eliminada del diagrama. Archivo físico removido del proyecto 5","2025-03-29 02:08:55.000000"
"1303","5","compiló_cpp","Éxito en proyecto 5","2025-03-29 02:14:38.000000"
"1304","5","eliminó_clase","Clase 'Rectangulo' eliminada del diagrama. Archivo físico removido del proyecto 5","2025-03-29 02:15:35.000000"
"1305","5","creó_atributo","Atributo 'protected String matricula' agregado a la clase 'ListaEnlazada' en proyecto 5","2025-03-29 02:19:00.000000"
"1306","5","modificó_método","Método 'depositar()' de clase 'Camion': cuerpo actualizado en editor Monaco","2025-03-29 02:24:03.000000"
"1307","5","compiló_cpp","Éxito en proyecto 5","2025-03-29 02:31:11.000000"
"1308","5","creó_atributo","Atributo 'private char departamento' agregado a la clase 'ListaEnlazada' en proyecto 5","2025-03-29 02:31:46.000000"
"1309","5","compiló_cpp","Éxito en proyecto 5","2025-03-29 02:36:16.000000"
"1310","5","creó_método","Método 'String acelerar()' agregado a la clase 'Poligono' en proyecto 5","2025-03-29 02:40:38.000000"
"1311","5","guardó_código","Archivo: codigos_fuenteusuario_5proyecto_5Producto.cpp","2025-03-29 02:45:30.000000"
"1312","5","guardó_código","Archivo: codigos_fuenteusuario_5proyecto_5Cola.cpp","2025-03-29 02:50:00.000000"
"1313","5","creó_atributo","Atributo 'public char tasa' agregado a la clase 'Profesor' en proyecto 5","2025-03-29 02:55:23.000000"
"1314","5","eliminó_atributo","Atributo 'kilometraje' eliminado de la clase 'Profesor'","2025-03-29 03:02:08.000000"
"1315","5","creó_atributo","Atributo 'private int nombre' agregado a la clase 'Forma' en proyecto 5","2025-03-29 03:05:27.000000"
"1316","5","creó_clase","Clase 'Moto' creada en el diagrama (cpp). Archivo generado en codigos_fuenteusuario_5proyecto_5Moto.cpp","2025-03-29 03:09:32.000000"
"1317","5","guardó_código","Archivo: codigos_fuenteusuario_5proyecto_5Perro.cpp","2025-03-29 03:13:02.000000"
"1318","5","guardó_código","Archivo: codigos_fuenteusuario_5proyecto_5Producto.cpp","2025-03-29 03:20:20.000000"
"1319","5","creó_clase","Clase 'Vehiculo' creada en el diagrama (cpp). Archivo generado en codigos_fuenteusuario_5proyecto_5Vehiculo.cpp","2025-03-29 03:23:20.000000"
"1320","5","modificó_método","Error de sintaxis al modificar método en 'Profesor'","2025-03-29 03:26:18.000000"
"1321","5","creó_método","Método 'void calcularPerimetro()' agregado a la clase 'Profesor' en proyecto 5","2025-03-29 03:28:13.000000"
"1322","5","modificó_clase","Clase 'Profesor' modificada: se actualizó el modificador de acceso a 'protected'","2025-03-29 03:29:01.000000"
"1323","5","eliminó_método","Método 'calcularPerimetro()' eliminado de la clase 'Profesor'","2025-03-29 03:35:26.000000"
"1324","5","guardó_código","Archivo: codigos_fuenteusuario_5proyecto_5Moto.cpp","2025-03-29 03:41:01.000000"
"1325","5","modificó_atributo","Error: tipo incompatible al modificar atributo en 'Producto'","2025-03-29 03:47:54.000000"
"1326","5","modificó_atributo","Error: tipo incompatible al modificar atributo en 'Camion'","2025-03-29 03:50:59.000000"
"1327","5","creó_atributo","Error: tipo de dato no reconocido en atributo de 'Vehiculo'","2025-03-29 03:57:41.000000"
"1328","5","eliminó_atributo","Atributo 'peso' eliminado de la clase 'Vehiculo'","2025-03-29 04:04:52.000000"
"1329","5","eliminó_atributo","Atributo 'descripcion' eliminado de la clase 'Producto'","2025-03-29 04:10:10.000000"
"1330","5","guardó_código","Archivo: codigos_fuenteusuario_5proyecto_5Auto.cpp","2025-03-29 04:12:53.000000"
"1331","5","cerró_sesión_inactividad","El sistema cerró la sesión por 10 min sin actividad. Usuario 5 en proyecto 5","2025-03-29 04:13:54.000000"
"1332","5","abrió_sesión","Usuario 5 inició sesión y abrió el proyecto 5","2025-04-13 23:59:00.000000"
"1333","5","modificó_clase","Clase 'Producto' modificada: se actualizó el modificador de acceso a 'private'","2025-04-14 00:04:42.000000"
"1334","5","creó_clase","Clase 'Pila' creada en el diagrama (cpp). Archivo generado en codigos_fuenteusuario_5proyecto_5Pila.cpp","2025-04-14 00:08:33.000000"
"1335","5","compiló_cpp","Fallo en proyecto 5. error: expected ';' before '}' token","2025-04-14 00:10:34.000000"
"1336","5","creó_atributo","Atributo 'public int cargo' agregado a la clase 'Auto' en proyecto 5","2025-04-14 00:16:34.000000"
"1337","5","estableció_herencia","Relación de herencia creada: 'Poligono' extiende a 'Perro' en proyecto 5","2025-04-14 00:21:15.000000"
"1338","5","creó_clase","Clase 'Persona' creada en el diagrama (cpp). Archivo generado en codigos_fuenteusuario_5proyecto_5Persona.cpp","2025-04-14 00:22:40.000000"
"1339","5","modificó_herencia","Error al modificar herencia: clase base 'Perro' no compatible","2025-04-14 00:24:23.000000"
"1340","5","eliminó_método","Método 'retirar()' eliminado de la clase 'Vehiculo'","2025-04-14 00:29:29.000000"
"1341","5","creó_clase","Clase 'Circulo' creada en el diagrama (cpp). Archivo generado en codigos_fuenteusuario_5proyecto_5Circulo.cpp","2025-04-14 00:36:32.000000"
"1342","5","eliminó_clase","Clase 'Gerente' eliminada del diagrama. Archivo físico removido del proyecto 5","2025-04-14 00:40:42.000000"
"1343","5","creó_método","Error: firma duplicada al crear método en 'Poligono'","2025-04-14 00:43:03.000000"
"1344","5","eliminó_atributo","Atributo 'saldo' eliminado de la clase 'ProductoDigital'","2025-04-14 00:48:47.000000"
"1345","5","eliminó_atributo","Atributo 'cargo' eliminado de la clase 'Auto'","2025-04-14 00:54:46.000000"
"1346","5","creó_clase","Clase 'Triangulo' creada en el diagrama (cpp). Archivo generado en codigos_fuenteusuario_5proyecto_5Triangulo.cpp","2025-04-14 00:56:10.000000"
"1347","5","creó_método","Método 'void calcularSalario()' agregado a la clase 'Triangulo' en proyecto 5","2025-04-14 01:00:26.000000"
"1348","5","creó_atributo","Atributo 'private float edad' agregado a la clase 'Cola' en proyecto 5","2025-04-14 01:07:02.000000"
"1349","5","compiló_cpp","Éxito en proyecto 5","2025-04-14 01:09:44.000000"
"1350","5","modificó_herencia","Relación de herencia modificada: 'Poligono' ahora hereda de 'Perro' (antes diferente)","2025-04-14 01:11:06.000000"
"1351","5","estableció_herencia","Relación de herencia creada: 'Pila' extiende a 'Cola' en proyecto 5","2025-04-14 01:11:53.000000"
"1352","5","modificó_atributo","Error: tipo incompatible al modificar atributo en 'Auto'","2025-04-14 01:13:00.000000"
"1353","5","guardó_código","Archivo: codigos_fuenteusuario_5proyecto_5Cola.cpp","2025-04-14 01:14:06.000000"
"1354","5","creó_clase","Clase 'CuentaCorriente' creada en el diagrama (cpp). Archivo generado en codigos_fuenteusuario_5proyecto_5CuentaCorriente.cpp","2025-04-14 01:19:28.000000"
"1355","5","compiló_cpp","Éxito en proyecto 5","2025-04-14 01:26:10.000000"
"1356","5","compiló_cpp","Éxito en proyecto 5","2025-04-14 01:28:48.000000"
"1357","5","modificó_clase","Clase 'Producto' modificada: se actualizó el modificador de acceso a 'protected'","2025-04-14 01:35:55.000000"
"1358","5","creó_clase","Clase 'Gerente' creada en el diagrama (cpp). Archivo generado en codigos_fuenteusuario_5proyecto_5Gerente.cpp","2025-04-14 01:40:13.000000"
"1359","5","creó_atributo","Error: tipo de dato no reconocido en atributo de 'Pila'","2025-04-14 01:40:52.000000"
"1360","5","modificó_clase","Clase 'Gerente' modificada: se actualizó el modificador de acceso a 'public'","2025-04-14 01:45:36.000000"
"1361","5","creó_método","Método 'String calcularPerimetro()' agregado a la clase 'Cola' en proyecto 5","2025-04-14 01:47:22.000000"
"1362","5","eliminó_método","Método 'hablar()' eliminado de la clase 'Perro'","2025-04-14 01:53:26.000000"
"1363","5","guardó_código","Archivo: codigos_fuenteusuario_5proyecto_5Gerente.cpp","2025-04-14 01:59:23.000000"
"1364","5","estableció_herencia","Relación de herencia creada: 'Poligono' extiende a 'Cola' en proyecto 5","2025-04-14 01:59:53.000000"
"1365","5","compiló_cpp","Éxito en proyecto 5","2025-04-14 02:00:42.000000"
"1366","5","creó_clase","Clase 'Animal' creada en el diagrama (cpp). Archivo generado en codigos_fuenteusuario_5proyecto_5Animal.cpp","2025-04-14 02:06:52.000000"
"1367","5","cerró_sesión_inactividad","El sistema cerró la sesión por 10 min sin actividad. Usuario 5 en proyecto 5","2025-04-14 02:10:41.000000"
"1368","5","abrió_sesión","Usuario 5 inició sesión y abrió el proyecto 5","2025-04-17 20:26:00.000000"
"1369","5","creó_clase","Error al crear clase 'Gato': nombre duplicado en proyecto 5","2025-04-17 20:32:24.000000"
"1370","5","modificó_clase","Clase 'Poligono' modificada: se actualizó el modificador de acceso a 'protected'","2025-04-17 20:33:58.000000"
"1371","5","creó_clase","Clase 'Estudiante' creada en el diagrama (cpp). Archivo generado en codigos_fuenteusuario_5proyecto_5Estudiante.cpp","2025-04-17 20:36:13.000000"
"1372","5","creó_método","Método 'String getPrecio()' agregado a la clase 'Animal' en proyecto 5","2025-04-17 20:37:56.000000"
"1373","5","compiló_cpp","Éxito en proyecto 5","2025-04-17 20:43:53.000000"
"1374","5","guardó_código","Archivo: codigos_fuenteusuario_5proyecto_5Producto.cpp","2025-04-17 20:46:41.000000"
"1375","5","compiló_cpp","Éxito en proyecto 5","2025-04-17 20:51:38.000000"
"1376","5","creó_clase","Clase 'Hexagono' creada en el diagrama (cpp). Archivo generado en codigos_fuenteusuario_5proyecto_5Hexagono.cpp","2025-04-17 20:55:58.000000"
"1377","5","modificó_clase","Error al modificar clase 'Persona': nombre inválido","2025-04-17 20:59:58.000000"
"1378","5","guardó_código","Archivo: codigos_fuenteusuario_5proyecto_5Circulo.cpp","2025-04-17 21:02:30.000000"
"1379","5","modificó_clase","Clase 'Vehiculo' modificada: se actualizó el modificador de acceso a 'protected'","2025-04-17 21:04:29.000000"
"1380","5","eliminó_herencia","Relación de herencia eliminada entre 'Poligono' y 'Perro'","2025-04-17 21:10:11.000000"
"1381","5","eliminó_clase","Clase 'Cola' eliminada del diagrama. Archivo físico removido del proyecto 5","2025-04-17 21:16:35.000000"
"1382","5","compiló_cpp","Éxito en proyecto 5","2025-04-17 21:17:24.000000"
"1383","5","eliminó_atributo","Atributo 'codigo' eliminado de la clase 'ListaEnlazada'","2025-04-17 21:22:59.000000"
"1384","5","modificó_clase","Clase 'Hexagono' modificada: se actualizó el modificador de acceso a 'protected'","2025-04-17 21:25:01.000000"
"1385","5","creó_método","Método 'void transferir()' agregado a la clase 'ListaEnlazada' en proyecto 5","2025-04-17 21:31:38.000000"
"1386","5","compiló_cpp","Éxito en proyecto 5","2025-04-17 21:36:23.000000"
"1387","5","creó_método","Método 'void acelerar()' agregado a la clase 'ProductoDigital' en proyecto 5","2025-04-17 21:42:06.000000"
"1388","5","eliminó_clase","Clase 'Profesor' eliminada del diagrama. Archivo físico removido del proyecto 5","2025-04-17 21:43:21.000000"
"1389","5","creó_método","Error: firma duplicada al crear método en 'Triangulo'","2025-04-17 21:49:12.000000"
"1390","5","estableció_herencia","Relación de herencia creada: 'Auto' extiende a 'Hexagono' en proyecto 5","2025-04-17 21:56:45.000000"
"1391","5","creó_clase","Clase 'CuentaAhorro' creada en el diagrama (cpp). Archivo generado en codigos_fuenteusuario_5proyecto_5CuentaAhorro.cpp","2025-04-17 22:03:55.000000"
"1392","5","creó_clase","Clase 'Nodo' creada en el diagrama (cpp). Archivo generado en codigos_fuenteusuario_5proyecto_5Nodo.cpp","2025-04-17 22:06:59.000000"
"1393","5","modificó_atributo","Atributo 'matricula' de clase 'Perro' modificado: tipo cambiado a 'int'","2025-04-17 22:10:27.000000"
"1394","5","modificó_herencia","Relación de herencia modificada: 'Auto' ahora hereda de 'Hexagono' (antes diferente)","2025-04-17 22:14:31.000000"
"1395","5","modificó_método","Método 'aplicarDescuento()' de clase 'Camion': cuerpo actualizado en editor Monaco","2025-04-17 22:15:03.000000"
"1396","5","guardó_código","Archivo: codigos_fuenteusuario_5proyecto_5Vehiculo.cpp","2025-04-17 22:20:18.000000"
"1397","5","compiló_cpp","Fallo en proyecto 5. error: 'class' redefinition","2025-04-17 22:22:48.000000"
"1398","5","estableció_herencia","Error: herencia circular detectada entre 'ListaEnlazada' y 'Circulo'","2025-04-17 22:24:56.000000"
"1399","5","modificó_método","Método 'obtenerNombre()' de clase 'Persona': cuerpo actualizado en editor Monaco","2025-04-17 22:26:26.000000"
"1400","5","creó_clase","Clase 'Rectangulo' creada en el diagrama (cpp). Archivo generado en codigos_fuenteusuario_5proyecto_5Rectangulo.cpp","2025-04-17 22:31:27.000000"
"1401","5","modificó_atributo","Atributo 'modelo' de clase 'Vehiculo' modificado: tipo cambiado a 'boolean'","2025-04-17 22:32:45.000000"
"1402","5","compiló_cpp","Fallo en proyecto 5. error: no matching function for call to 'getEdad()'","2025-04-17 22:38:31.000000"
"1403","5","creó_método","Error: firma duplicada al crear método en 'Forma'","2025-04-17 22:42:06.000000"
"1404","5","estableció_herencia","Relación de herencia creada: 'Triangulo' extiende a 'Perro' en proyecto 5","2025-04-17 22:49:57.000000"
"1405","5","creó_clase","Clase 'CuentaBancaria' creada en el diagrama (cpp). Archivo generado en codigos_fuenteusuario_5proyecto_5CuentaBancaria.cpp","2025-04-17 22:56:56.000000"
"1406","5","eliminó_clase","Clase 'Estudiante' eliminada del diagrama. Archivo físico removido del proyecto 5","2025-04-17 23:02:02.000000"
"1407","5","modificó_clase","Clase 'ProductoDigital' modificada: se actualizó el modificador de acceso a 'protected'","2025-04-17 23:06:51.000000"
"1408","5","modificó_método","Método 'inicializar()' de clase 'Perro': cuerpo actualizado en editor Monaco","2025-04-17 23:09:13.000000"
"1409","5","eliminó_método","Método 'arrancar()' eliminado de la clase 'ProductoDigital'","2025-04-17 23:13:40.000000"
"1410","5","estableció_herencia","Relación de herencia creada: 'Triangulo' extiende a 'Animal' en proyecto 5","2025-04-17 23:20:44.000000"
"1411","5","creó_atributo","Atributo 'private boolean departamento' agregado a la clase 'Producto' en proyecto 5","2025-04-17 23:26:34.000000"
"1412","5","eliminó_atributo","Atributo 'matricula' eliminado de la clase 'Gerente'","2025-04-17 23:32:41.000000"
"1413","5","modificó_atributo","Atributo 'kilometraje' de clase 'Vehiculo' modificado: tipo cambiado a 'int'","2025-04-17 23:34:57.000000"
"1414","5","estableció_herencia","Relación de herencia creada: 'Producto' extiende a 'CuentaCorriente' en proyecto 5","2025-04-17 23:37:48.000000"
"1415","5","guardó_código","Archivo: codigos_fuenteusuario_5proyecto_5ListaEnlazada.cpp","2025-04-17 23:38:45.000000"
"1416","5","modificó_clase","Clase 'Producto' modificada: se actualizó el modificador de acceso a 'protected'","2025-04-17 23:40:54.000000"
"1417","5","creó_método","Error: firma duplicada al crear método en 'Poligono'","2025-04-17 23:42:21.000000"
"1418","5","modificó_herencia","Relación de herencia modificada: 'Auto' ahora hereda de 'Hexagono' (antes diferente)","2025-04-17 23:49:38.000000"
"1419","5","creó_método","Método 'double hablar()' agregado a la clase 'CuentaBancaria' en proyecto 5","2025-04-17 23:51:24.000000"
"1420","5","eliminó_atributo","Atributo 'saldo' eliminado de la clase 'CuentaCorriente'","2025-04-17 23:57:44.000000"
"1421","5","creó_clase","Clase 'Estudiante' creada en el diagrama (cpp). Archivo generado en codigos_fuenteusuario_5proyecto_5Estudiante.cpp","2025-04-18 00:05:26.000000"
"1422","5","modificó_método","Método 'arrancar()' de clase 'Animal': cuerpo actualizado en editor Monaco","2025-04-18 00:09:58.000000"
"1423","5","modificó_método","Método 'inicializar()' de clase 'Rectangulo': cuerpo actualizado en editor Monaco","2025-04-18 00:14:42.000000"
"1424","5","eliminó_clase","Clase 'Hexagono' eliminada del diagrama. Archivo físico removido del proyecto 5","2025-04-18 00:16:42.000000"
"1425","5","creó_método","Error: firma duplicada al crear método en 'Vehiculo'","2025-04-18 00:18:33.000000"
"1426","5","guardó_código","Archivo: codigos_fuenteusuario_5proyecto_5Vehiculo.cpp","2025-04-18 00:24:46.000000"
"1427","5","guardó_código","Archivo: codigos_fuenteusuario_5proyecto_5Moto.cpp","2025-04-18 00:25:38.000000"
"1428","5","eliminó_herencia","Relación de herencia eliminada entre 'Triangulo' y 'Perro'","2025-04-18 00:26:35.000000"
"1429","5","modificó_atributo","Atributo 'velocidad' de clase 'Vehiculo' modificado: tipo cambiado a 'boolean'","2025-04-18 00:32:35.000000"
"1430","5","guardó_código","Archivo: codigos_fuenteusuario_5proyecto_5Vehiculo.cpp","2025-04-18 00:36:11.000000"
"1431","5","compiló_cpp","Éxito en proyecto 5","2025-04-18 00:39:06.000000"
"1432","5","compiló_cpp","Éxito en proyecto 5","2025-04-18 00:41:23.000000"
"1433","5","creó_clase","Clase 'ProductoFisico' creada en el diagrama (cpp). Archivo generado en codigos_fuenteusuario_5proyecto_5ProductoFisico.cpp","2025-04-18 00:45:35.000000"
"1434","5","guardó_código","Archivo: codigos_fuenteusuario_5proyecto_5CuentaCorriente.cpp","2025-04-18 00:48:13.000000"
"1435","5","guardó_código","Archivo: codigos_fuenteusuario_5proyecto_5ListaEnlazada.cpp","2025-04-18 00:51:34.000000"
"1436","5","creó_clase","Error al crear clase 'Cliente': nombre duplicado en proyecto 5","2025-04-18 00:57:19.000000"
"1437","5","creó_atributo","Atributo 'protected boolean velocidad' agregado a la clase 'Poligono' en proyecto 5","2025-04-18 01:04:41.000000"
"1438","5","cerró_sesión_inactividad","El sistema cerró la sesión por 10 min sin actividad. Usuario 5 en proyecto 5","2025-04-18 01:11:39.000000"
"1439","5","abrió_sesión","Usuario 5 inició sesión y abrió el proyecto 5","2025-04-23 23:49:00.000000"
"1440","5","creó_método","Método 'boolean caminar()' agregado a la clase 'Estudiante' en proyecto 5","2025-04-23 23:53:24.000000"
"1441","5","modificó_atributo","Atributo 'edad' de clase 'Camion' modificado: tipo cambiado a 'boolean'","2025-04-23 23:56:37.000000"
"1442","5","guardó_código","Archivo: codigos_fuenteusuario_5proyecto_5CuentaBancaria.cpp","2025-04-23 23:58:26.000000"
"1443","5","guardó_código","Archivo: codigos_fuenteusuario_5proyecto_5Animal.cpp","2025-04-23 23:58:58.000000"
"1444","5","guardó_código","Archivo: codigos_fuenteusuario_5proyecto_5Moto.cpp","2025-04-24 00:05:46.000000"
"1445","5","creó_método","Método 'void getPrecio()' agregado a la clase 'Producto' en proyecto 5","2025-04-24 00:10:55.000000"
"1446","5","creó_atributo","Atributo 'public boolean modelo' agregado a la clase 'Animal' en proyecto 5","2025-04-24 00:15:44.000000"
"1447","5","estableció_herencia","Relación de herencia creada: 'Triangulo' extiende a 'Persona' en proyecto 5","2025-04-24 00:19:03.000000"
"1448","5","creó_atributo","Atributo 'protected double codigo' agregado a la clase 'Triangulo' en proyecto 5","2025-04-24 00:25:04.000000"
"1449","5","eliminó_herencia","Relación de herencia eliminada entre 'Triangulo' y 'Persona'","2025-04-24 00:31:35.000000"
"1450","5","eliminó_atributo","Atributo 'salario' eliminado de la clase 'CuentaCorriente'","2025-04-24 00:34:36.000000"
"1451","5","guardó_código","Archivo: codigos_fuenteusuario_5proyecto_5Vehiculo.cpp","2025-04-24 00:39:08.000000"
"1452","5","eliminó_atributo","Atributo 'marca' eliminado de la clase 'Triangulo'","2025-04-24 00:42:06.000000"
"1453","5","creó_clase","Clase 'Empleado' creada en el diagrama (cpp). Archivo generado en codigos_fuenteusuario_5proyecto_5Empleado.cpp","2025-04-24 00:49:02.000000"
"1454","5","eliminó_herencia","Error al eliminar herencia entre 'Triangulo' y 'Animal'","2025-04-24 00:54:25.000000"
"1455","5","eliminó_método","Método 'toString()' eliminado de la clase 'Nodo'","2025-04-24 01:00:36.000000"
"1456","5","estableció_herencia","Relación de herencia creada: 'ListaEnlazada' extiende a 'Triangulo' en proyecto 5","2025-04-24 01:02:21.000000"
"1457","5","creó_método","Error: firma duplicada al crear método en 'ProductoFisico'","2025-04-24 01:09:40.000000"
"1458","5","guardó_código","Archivo: codigos_fuenteusuario_5proyecto_5ProductoDigital.cpp","2025-04-24 01:14:59.000000"
"1459","5","guardó_código","Archivo: codigos_fuenteusuario_5proyecto_5Circulo.cpp","2025-04-24 01:21:42.000000"
"1460","5","creó_clase","Clase 'Profesor' creada en el diagrama (cpp). Archivo generado en codigos_fuenteusuario_5proyecto_5Profesor.cpp","2025-04-24 01:25:58.000000"
"1461","5","creó_método","Método 'void transferir()' agregado a la clase 'Vehiculo' en proyecto 5","2025-04-24 01:29:21.000000"
"1462","5","modificó_clase","Clase 'Auto' modificada: se actualizó el modificador de acceso a 'protected'","2025-04-24 01:35:43.000000"
"1463","5","modificó_atributo","Atributo 'codigo' de clase 'CuentaBancaria' modificado: tipo cambiado a 'float'","2025-04-24 01:37:10.000000"
"1464","5","creó_método","Método 'void transferir()' agregado a la clase 'ListaEnlazada' en proyecto 5","2025-04-24 01:43:54.000000"
"1465","5","eliminó_método","Método 'calcularArea()' eliminado de la clase 'Perro'","2025-04-24 01:48:29.000000"
"1466","5","eliminó_método","Método 'inicializar()' eliminado de la clase 'Rectangulo'","2025-04-24 01:49:19.000000"
"1467","5","cerró_sesión_inactividad","El sistema cerró la sesión por 10 min sin actividad. Usuario 5 en proyecto 5","2025-04-24 01:51:00.000000"
"1468","5","abrió_sesión","Usuario 5 inició sesión y abrió el proyecto 5","2025-04-26 02:30:00.000000"
"1469","5","creó_atributo","Atributo 'private boolean peso' agregado a la clase 'Vehiculo' en proyecto 5","2025-04-26 02:33:41.000000"
"1470","5","modificó_método","Método 'getEdad()' de clase 'Profesor': cuerpo actualizado en editor Monaco","2025-04-26 02:38:33.000000"
"1471","5","guardó_código","Archivo: codigos_fuenteusuario_5proyecto_5Profesor.cpp","2025-04-26 02:45:18.000000"
"1472","5","estableció_herencia","Relación de herencia creada: 'Vehiculo' extiende a 'Estudiante' en proyecto 5","2025-04-26 02:50:42.000000"
"1473","5","eliminó_clase","Clase 'Perro' eliminada del diagrama. Archivo físico removido del proyecto 5","2025-04-26 02:51:20.000000"
"1474","5","compiló_cpp","Éxito en proyecto 5","2025-04-26 02:59:02.000000"
"1475","5","guardó_código","Archivo: codigos_fuenteusuario_5proyecto_5CuentaAhorro.cpp","2025-04-26 03:01:44.000000"
"1476","5","creó_atributo","Error: tipo de dato no reconocido en atributo de 'Animal'","2025-04-26 03:03:37.000000"
"1477","5","modificó_clase","Clase 'ProductoDigital' modificada: se actualizó el modificador de acceso a 'public'","2025-04-26 03:09:04.000000"
"1478","5","compiló_cpp","Éxito en proyecto 5","2025-04-26 03:10:03.000000"
"1479","5","compiló_cpp","Éxito en proyecto 5","2025-04-26 03:11:47.000000"
"1480","5","eliminó_atributo","Atributo 'altura' eliminado de la clase 'Nodo'","2025-04-26 03:15:00.000000"
"1481","5","modificó_atributo","Atributo 'color' de clase 'CuentaCorriente' modificado: tipo cambiado a 'int'","2025-04-26 03:19:26.000000"
"1482","5","creó_atributo","Atributo 'public float color' agregado a la clase 'Animal' en proyecto 5","2025-04-26 03:27:25.000000"
"1483","5","eliminó_método","Método 'setPrecio()' eliminado de la clase 'CuentaAhorro'","2025-04-26 03:33:49.000000"
"1484","5","creó_clase","Clase 'Perro' creada en el diagrama (cpp). Archivo generado en codigos_fuenteusuario_5proyecto_5Perro.cpp","2025-04-26 03:35:28.000000"
"1485","5","modificó_clase","Clase 'Empleado' modificada: se actualizó el modificador de acceso a 'public'","2025-04-26 03:39:00.000000"
"1486","5","modificó_clase","Clase 'Camion' modificada: se actualizó el modificador de acceso a 'protected'","2025-04-26 03:40:53.000000"
"1487","5","compiló_cpp","Éxito en proyecto 5","2025-04-26 03:41:50.000000"
"1488","5","creó_método","Método 'void consultarSaldo()' agregado a la clase 'Perro' en proyecto 5","2025-04-26 03:44:39.000000"
"1489","5","compiló_cpp","Éxito en proyecto 5","2025-04-26 03:48:13.000000"
"1490","5","modificó_atributo","Error: tipo incompatible al modificar atributo en 'Forma'","2025-04-26 03:52:17.000000"
"1491","5","creó_clase","Clase 'Gato' creada en el diagrama (cpp). Archivo generado en codigos_fuenteusuario_5proyecto_5Gato.cpp","2025-04-26 03:58:12.000000"
"1492","5","modificó_clase","Clase 'Gato' modificada: se actualizó el modificador de acceso a 'protected'","2025-04-26 04:01:44.000000"
"1493","5","cerró_sesión_inactividad","El sistema cerró la sesión por 10 min sin actividad. Usuario 5 en proyecto 5","2025-04-26 04:02:38.000000"
"1494","6","abrió_sesión","Usuario 6 inició sesión y abrió el proyecto 6","2025-02-13 21:10:00.000000"
"1495","6","creó_clase","Clase 'CuentaBancaria' creada en el diagrama (java). Archivo generado en codigos_fuenteusuario_6proyecto_6CuentaBancaria.java","2025-02-13 21:17:09.000000"
"1496","6","modificó_clase","Clase 'CuentaBancaria' modificada: se actualizó el modificador de acceso a 'private'","2025-02-13 21:23:52.000000"
"1497","6","modificó_clase","Error al modificar clase 'CuentaBancaria': nombre inválido","2025-02-13 21:29:35.000000"
"1498","6","modificó_atributo","Atributo 'departamento' de clase 'CuentaBancaria' modificado: tipo cambiado a 'int'","2025-02-13 21:32:08.000000"
"1499","6","modificó_clase","Clase 'CuentaBancaria' modificada: se actualizó el modificador de acceso a 'protected'","2025-02-13 21:36:56.000000"
"1500","6","creó_método","Error: firma duplicada al crear método en 'CuentaBancaria'","2025-02-13 21:42:17.000000"
"1501","6","creó_clase","Clase 'Camion' creada en el diagrama (java). Archivo generado en codigos_fuenteusuario_6proyecto_6Camion.java","2025-02-13 21:43:21.000000"
"1502","6","creó_clase","Clase 'Poligono' creada en el diagrama (java). Archivo generado en codigos_fuenteusuario_6proyecto_6Poligono.java","2025-02-13 21:44:41.000000"
"1503","6","guardó_código","Archivo: codigos_fuenteusuario_6proyecto_6Camion.java","2025-02-13 21:52:10.000000"
"1504","6","creó_método","Método 'double setEdad()' agregado a la clase 'Poligono' en proyecto 6","2025-02-13 21:57:36.000000"
"1505","6","modificó_atributo","Atributo 'base' de clase 'Camion' modificado: tipo cambiado a 'float'","2025-02-13 22:04:36.000000"
"1506","6","guardó_código","Archivo: codigos_fuenteusuario_6proyecto_6Poligono.java","2025-02-13 22:05:13.000000"
"1507","6","modificó_clase","Clase 'Camion' modificada: se actualizó el modificador de acceso a 'private'","2025-02-13 22:10:13.000000"
"1508","6","creó_método","Método 'void calcularPerimetro()' agregado a la clase 'CuentaBancaria' en proyecto 6","2025-02-13 22:12:34.000000"
"1509","6","modificó_atributo","Atributo 'velocidad' de clase 'CuentaBancaria' modificado: tipo cambiado a 'float'","2025-02-13 22:19:10.000000"
"1510","6","modificó_método","Método 'getEdad()' de clase 'Poligono': cuerpo actualizado en editor Monaco","2025-02-13 22:21:18.000000"
"1511","6","creó_clase","Clase 'Gato' creada en el diagrama (java). Archivo generado en codigos_fuenteusuario_6proyecto_6Gato.java","2025-02-13 22:24:12.000000"
"1512","6","eliminó_método","Método 'getPrecio()' eliminado de la clase 'Gato'","2025-02-13 22:26:09.000000"
"1513","6","modificó_atributo","Atributo 'descripcion' de clase 'Gato' modificado: tipo cambiado a 'boolean'","2025-02-13 22:33:05.000000"
"1514","6","estableció_herencia","Error: herencia circular detectada entre 'Poligono' y 'CuentaBancaria'","2025-02-13 22:38:10.000000"
"1515","6","creó_atributo","Atributo 'protected float base' agregado a la clase 'CuentaBancaria' en proyecto 6","2025-02-13 22:38:42.000000"
"1516","6","creó_clase","Clase 'Producto' creada en el diagrama (java). Archivo generado en codigos_fuenteusuario_6proyecto_6Producto.java","2025-02-13 22:45:23.000000"
"1517","6","compiló_java","Éxito en proyecto 6","2025-02-13 22:46:43.000000"
"1518","6","modificó_clase","Clase 'Gato' modificada: se actualizó el modificador de acceso a 'private'","2025-02-13 22:49:02.000000"
"1519","6","creó_método","Método 'boolean validar()' agregado a la clase 'CuentaBancaria' en proyecto 6","2025-02-13 22:53:50.000000"
"1520","6","modificó_atributo","Atributo 'velocidad' de clase 'Producto' modificado: tipo cambiado a 'boolean'","2025-02-13 23:01:35.000000"
"1521","6","creó_atributo","Atributo 'public boolean base' agregado a la clase 'CuentaBancaria' en proyecto 6","2025-02-13 23:08:07.000000"
"1522","6","eliminó_atributo","Atributo 'edad' eliminado de la clase 'Poligono'","2025-02-13 23:12:40.000000"
"1523","6","creó_método","Método 'String hablar()' agregado a la clase 'CuentaBancaria' en proyecto 6","2025-02-13 23:16:17.000000"
"1524","6","creó_clase","Clase 'ListaEnlazada' creada en el diagrama (java). Archivo generado en codigos_fuenteusuario_6proyecto_6ListaEnlazada.java","2025-02-13 23:22:44.000000"
"1525","6","creó_atributo","Error: tipo de dato no reconocido en atributo de 'CuentaBancaria'","2025-02-13 23:28:15.000000"
"1526","6","creó_atributo","Atributo 'public String tasa' agregado a la clase 'Gato' en proyecto 6","2025-02-13 23:30:19.000000"
"1527","6","creó_método","Error: firma duplicada al crear método en 'Poligono'","2025-02-13 23:34:34.000000"
"1528","6","compiló_java","Éxito en proyecto 6","2025-02-13 23:40:48.000000"
"1529","6","creó_clase","Clase 'Profesor' creada en el diagrama (java). Archivo generado en codigos_fuenteusuario_6proyecto_6Profesor.java","2025-02-13 23:42:12.000000"
"1530","6","compiló_java","Éxito en proyecto 6","2025-02-13 23:44:14.000000"
"1531","6","guardó_código","Archivo: codigos_fuenteusuario_6proyecto_6Gato.java","2025-02-13 23:51:51.000000"
"1532","6","modificó_atributo","Atributo 'descripcion' de clase 'ListaEnlazada' modificado: tipo cambiado a 'float'","2025-02-13 23:55:22.000000"
"1533","6","creó_atributo","Atributo 'public int cargo' agregado a la clase 'Producto' en proyecto 6","2025-02-13 23:59:06.000000"
"1534","6","guardó_código","Archivo: codigos_fuenteusuario_6proyecto_6ListaEnlazada.java","2025-02-14 00:03:13.000000"
"1535","6","modificó_atributo","Atributo 'descripcion' de clase 'Gato' modificado: tipo cambiado a 'String'","2025-02-14 00:05:32.000000"
"1536","6","guardó_código","Archivo: codigos_fuenteusuario_6proyecto_6Producto.java","2025-02-14 00:10:25.000000"
"1537","6","guardó_código","Archivo: codigos_fuenteusuario_6proyecto_6Gato.java","2025-02-14 00:12:51.000000"
"1538","6","compiló_java","Fallo en proyecto 6. error: method consultarSaldo() already defined","2025-02-14 00:16:49.000000"
"1539","6","creó_clase","Clase 'Nodo' creada en el diagrama (java). Archivo generado en codigos_fuenteusuario_6proyecto_6Nodo.java","2025-02-14 00:18:16.000000"
"1540","6","creó_método","Error: firma duplicada al crear método en 'Gato'","2025-02-14 00:25:15.000000"
"1541","6","creó_método","Método 'boolean inicializar()' agregado a la clase 'Camion' en proyecto 6","2025-02-14 00:28:25.000000"
"1542","6","creó_atributo","Atributo 'protected char peso' agregado a la clase 'Nodo' en proyecto 6","2025-02-14 00:29:58.000000"
"1543","6","creó_atributo","Atributo 'protected float saldo' agregado a la clase 'Producto' en proyecto 6","2025-02-14 00:34:26.000000"
"1544","6","creó_método","Método 'int validar()' agregado a la clase 'Producto' en proyecto 6","2025-02-14 00:35:52.000000"
"1545","6","creó_método","Método 'boolean retirar()' agregado a la clase 'CuentaBancaria' en proyecto 6","2025-02-14 00:40:48.000000"
"1546","6","guardó_código","Archivo: codigos_fuenteusuario_6proyecto_6Nodo.java","2025-02-14 00:42:27.000000"
"1547","6","guardó_código","Archivo: codigos_fuenteusuario_6proyecto_6Nodo.java","2025-02-14 00:47:10.000000"
"1548","6","estableció_herencia","Relación de herencia creada: 'ListaEnlazada' extiende a 'CuentaBancaria' en proyecto 6","2025-02-14 00:54:10.000000"
"1549","6","modificó_clase","Clase 'Nodo' modificada: se actualizó el modificador de acceso a 'protected'","2025-02-14 00:57:44.000000"
"1550","6","compiló_java","Éxito en proyecto 6","2025-02-14 01:04:14.000000"
"1551","6","modificó_método","Error de sintaxis al modificar método en 'Camion'","2025-02-14 01:07:11.000000"
"1552","6","compiló_java","Éxito en proyecto 6","2025-02-14 01:12:26.000000"
"1553","6","eliminó_clase","Clase 'Gato' eliminada del diagrama. Archivo físico removido del proyecto 6","2025-02-14 01:19:05.000000"
"1554","6","modificó_clase","Clase 'CuentaBancaria' modificada: se actualizó el modificador de acceso a 'private'","2025-02-14 01:19:55.000000"
"1555","6","creó_método","Error: firma duplicada al crear método en 'Producto'","2025-02-14 01:21:07.000000"
"1556","6","modificó_método","Método 'retirar()' de clase 'Producto': cuerpo actualizado en editor Monaco","2025-02-14 01:24:24.000000"
"1557","6","modificó_clase","Clase 'Poligono' modificada: se actualizó el modificador de acceso a 'private'","2025-02-14 01:29:06.000000"
"1558","6","creó_método","Método 'double setNombre()' agregado a la clase 'Profesor' en proyecto 6","2025-02-14 01:30:35.000000"
"1559","6","creó_clase","Clase 'Gato' creada en el diagrama (java). Archivo generado en codigos_fuenteusuario_6proyecto_6Gato.java","2025-02-14 01:34:22.000000"
"1560","6","compiló_java","Fallo en proyecto 6. error: cannot find symbol: variable lados","2025-02-14 01:37:17.000000"
"1561","6","modificó_herencia","Relación de herencia modificada: 'ListaEnlazada' ahora hereda de 'CuentaBancaria' (antes diferente)","2025-02-14 01:41:40.000000"
"1562","6","creó_método","Método 'String obtenerInfo()' agregado a la clase 'Camion' en proyecto 6","2025-02-14 01:47:17.000000"
"1563","6","estableció_herencia","Relación de herencia creada: 'Profesor' extiende a 'Producto' en proyecto 6","2025-02-14 01:54:03.000000"
"1564","6","creó_atributo","Atributo 'public char base' agregado a la clase 'Profesor' en proyecto 6","2025-02-14 01:57:12.000000"
"1565","6","modificó_herencia","Relación de herencia modificada: 'ListaEnlazada' ahora hereda de 'CuentaBancaria' (antes diferente)","2025-02-14 02:03:33.000000"
"1566","6","guardó_código","Archivo: codigos_fuenteusuario_6proyecto_6Poligono.java","2025-02-14 02:11:13.000000"
"1567","6","modificó_atributo","Atributo 'marca' de clase 'ListaEnlazada' modificado: tipo cambiado a 'int'","2025-02-14 02:15:30.000000"
"1568","6","cerró_sesión_inactividad","El sistema cerró la sesión por 10 min sin actividad. Usuario 6 en proyecto 6","2025-02-14 02:17:55.000000"
"1569","6","abrió_sesión","Usuario 6 inició sesión y abrió el proyecto 6","2025-02-21 17:20:00.000000"
"1570","6","compiló_java","Éxito en proyecto 6","2025-02-21 17:24:06.000000"
"1571","6","creó_atributo","Atributo 'protected char matricula' agregado a la clase 'Camion' en proyecto 6","2025-02-21 17:28:39.000000"
"1572","6","eliminó_clase","Clase 'CuentaBancaria' eliminada del diagrama. Archivo físico removido del proyecto 6","2025-02-21 17:34:58.000000"
"1573","6","modificó_método","Método 'depositar()' de clase 'Poligono': cuerpo actualizado en editor Monaco","2025-02-21 17:37:34.000000"
"1574","6","creó_atributo","Atributo 'private boolean descripcion' agregado a la clase 'Camion' en proyecto 6","2025-02-21 17:40:26.000000"
"1575","6","modificó_clase","Clase 'Camion' modificada: se actualizó el modificador de acceso a 'protected'","2025-02-21 17:48:26.000000"
"1576","6","modificó_clase","Clase 'Gato' modificada: se actualizó el modificador de acceso a 'private'","2025-02-21 17:55:37.000000"
"1577","6","modificó_herencia","Relación de herencia modificada: 'Profesor' ahora hereda de 'Producto' (antes diferente)","2025-02-21 17:57:21.000000"
"1578","6","modificó_clase","Clase 'Nodo' modificada: se actualizó el modificador de acceso a 'protected'","2025-02-21 18:00:56.000000"
"1579","6","creó_atributo","Atributo 'protected float peso' agregado a la clase 'Gato' en proyecto 6","2025-02-21 18:05:29.000000"
"1580","6","creó_atributo","Atributo 'private String marca' agregado a la clase 'Poligono' en proyecto 6","2025-02-21 18:12:05.000000"
"1581","6","estableció_herencia","Relación de herencia creada: 'Profesor' extiende a 'Nodo' en proyecto 6","2025-02-21 18:15:43.000000"
"1582","6","eliminó_herencia","Relación de herencia eliminada entre 'Profesor' y 'Producto'","2025-02-21 18:23:13.000000"
"1583","6","guardó_código","Archivo: codigos_fuenteusuario_6proyecto_6Gato.java","2025-02-21 18:26:20.000000"
"1584","6","modificó_método","Método 'depositar()' de clase 'ListaEnlazada': cuerpo actualizado en editor Monaco","2025-02-21 18:27:00.000000"
"1585","6","modificó_herencia","Error al modificar herencia: clase base 'Nodo' no compatible","2025-02-21 18:33:00.000000"
"1586","6","creó_clase","Clase 'CuentaCorriente' creada en el diagrama (java). Archivo generado en codigos_fuenteusuario_6proyecto_6CuentaCorriente.java","2025-02-21 18:38:40.000000"
"1587","6","compiló_java","Éxito en proyecto 6","2025-02-21 18:39:27.000000"
"1588","6","eliminó_atributo","Atributo 'precio' eliminado de la clase 'ListaEnlazada'","2025-02-21 18:47:07.000000"
"1589","6","eliminó_método","Método 'toString()' eliminado de la clase 'Profesor'","2025-02-21 18:53:55.000000"
"1590","6","creó_método","Error: firma duplicada al crear método en 'ListaEnlazada'","2025-02-21 19:00:04.000000"
"1591","6","eliminó_atributo","Atributo 'velocidad' eliminado de la clase 'Profesor'","2025-02-21 19:07:23.000000"
"1592","6","compiló_java","Éxito en proyecto 6","2025-02-21 19:08:20.000000"
"1593","6","guardó_código","Archivo: codigos_fuenteusuario_6proyecto_6Profesor.java","2025-02-21 19:14:43.000000"
"1594","6","estableció_herencia","Relación de herencia creada: 'Profesor' extiende a 'Nodo' en proyecto 6","2025-02-21 19:21:56.000000"
"1595","6","creó_clase","Clase 'CuentaAhorro' creada en el diagrama (java). Archivo generado en codigos_fuenteusuario_6proyecto_6CuentaAhorro.java","2025-02-21 19:28:09.000000"
"1596","6","eliminó_herencia","Relación de herencia eliminada entre 'Profesor' y 'Nodo'","2025-02-21 19:30:41.000000"
"1597","6","modificó_método","Método 'acelerar()' de clase 'Gato': cuerpo actualizado en editor Monaco","2025-02-21 19:33:20.000000"
"1598","6","creó_clase","Clase 'Perro' creada en el diagrama (java). Archivo generado en codigos_fuenteusuario_6proyecto_6Perro.java","2025-02-21 19:38:32.000000"
"1599","6","modificó_atributo","Atributo 'modelo' de clase 'ListaEnlazada' modificado: tipo cambiado a 'boolean'","2025-02-21 19:42:18.000000"
"1600","6","creó_clase","Clase 'Pila' creada en el diagrama (java). Archivo generado en codigos_fuenteusuario_6proyecto_6Pila.java","2025-02-21 19:45:26.000000"
"1601","6","estableció_herencia","Relación de herencia creada: 'Nodo' extiende a 'Pila' en proyecto 6","2025-02-21 19:51:23.000000"
"1602","6","creó_clase","Clase 'Empleado' creada en el diagrama (java). Archivo generado en codigos_fuenteusuario_6proyecto_6Empleado.java","2025-02-21 19:57:51.000000"
"1603","6","creó_método","Método 'int calcularSalario()' agregado a la clase 'CuentaAhorro' en proyecto 6","2025-02-21 20:01:26.000000"
"1604","6","creó_atributo","Atributo 'private double color' agregado a la clase 'Poligono' en proyecto 6","2025-02-21 20:08:51.000000"
"1605","6","creó_clase","Clase 'Persona' creada en el diagrama (java). Archivo generado en codigos_fuenteusuario_6proyecto_6Persona.java","2025-02-21 20:15:11.000000"
"1606","6","eliminó_método","Error al eliminar método: no encontrado en 'Profesor'","2025-02-21 20:16:43.000000"
"1607","6","estableció_herencia","Error: herencia circular detectada entre 'Pila' y 'Profesor'","2025-02-21 20:21:46.000000"
"1608","6","creó_método","Método 'String retirar()' agregado a la clase 'Profesor' en proyecto 6","2025-02-21 20:29:39.000000"
"1609","6","eliminó_herencia","Relación de herencia eliminada entre 'Nodo' y 'Pila'","2025-02-21 20:32:10.000000"
"1610","6","creó_método","Método 'int consultarSaldo()' agregado a la clase 'Pila' en proyecto 6","2025-02-21 20:39:59.000000"
"1611","6","guardó_código","Archivo: codigos_fuenteusuario_6proyecto_6Camion.java","2025-02-21 20:44:15.000000"
"1612","6","modificó_atributo","Atributo 'salario' de clase 'Camion' modificado: tipo cambiado a 'float'","2025-02-21 20:48:03.000000"
"1613","6","estableció_herencia","Relación de herencia creada: 'Camion' extiende a 'CuentaCorriente' en proyecto 6","2025-02-21 20:48:37.000000"
"1614","6","creó_método","Método 'int calcularPerimetro()' agregado a la clase 'Empleado' en proyecto 6","2025-02-21 20:52:28.000000"
"1615","6","creó_atributo","Atributo 'private String codigo' agregado a la clase 'Poligono' en proyecto 6","2025-02-21 20:55:08.000000"
"1616","6","creó_método","Método 'boolean getPrecio()' agregado a la clase 'Empleado' en proyecto 6","2025-02-21 20:58:12.000000"
"1617","6","creó_método","Error: firma duplicada al crear método en 'ListaEnlazada'","2025-02-21 20:59:28.000000"
"1618","6","eliminó_método","Método 'calcularArea()' eliminado de la clase 'CuentaAhorro'","2025-02-21 21:06:59.000000"
"1619","6","eliminó_método","Método 'arrancar()' eliminado de la clase 'ListaEnlazada'","2025-02-21 21:13:56.000000"
"1620","6","guardó_código","Archivo: codigos_fuenteusuario_6proyecto_6Camion.java","2025-02-21 21:16:26.000000"
"1621","6","modificó_clase","Clase 'Pila' modificada: se actualizó el modificador de acceso a 'public'","2025-02-21 21:19:28.000000"
"1622","6","modificó_clase","Clase 'Nodo' modificada: se actualizó el modificador de acceso a 'protected'","2025-02-21 21:21:45.000000"
"1623","6","modificó_atributo","Atributo 'precio' de clase 'Pila' modificado: tipo cambiado a 'boolean'","2025-02-21 21:29:35.000000"
"1624","6","creó_clase","Clase 'Vehiculo' creada en el diagrama (java). Archivo generado en codigos_fuenteusuario_6proyecto_6Vehiculo.java","2025-02-21 21:31:27.000000"
"1625","6","creó_atributo","Atributo 'private String marca' agregado a la clase 'CuentaCorriente' en proyecto 6","2025-02-21 21:35:41.000000"
"1626","6","creó_clase","Clase 'Triangulo' creada en el diagrama (java). Archivo generado en codigos_fuenteusuario_6proyecto_6Triangulo.java","2025-02-21 21:41:34.000000"
"1627","6","eliminó_método","Método 'getEdad()' eliminado de la clase 'Camion'","2025-02-21 21:44:46.000000"
"1628","6","creó_clase","Clase 'Cliente' creada en el diagrama (java). Archivo generado en codigos_fuenteusuario_6proyecto_6Cliente.java","2025-02-21 21:52:46.000000"
"1629","6","creó_clase","Clase 'Hexagono' creada en el diagrama (java). Archivo generado en codigos_fuenteusuario_6proyecto_6Hexagono.java","2025-02-21 22:00:11.000000"
"1630","6","compiló_java","Éxito en proyecto 6","2025-02-21 22:07:13.000000"
"1631","6","modificó_clase","Clase 'Profesor' modificada: se actualizó el modificador de acceso a 'private'","2025-02-21 22:13:12.000000"
"1632","6","estableció_herencia","Relación de herencia creada: 'Persona' extiende a 'Profesor' en proyecto 6","2025-02-21 22:17:10.000000"
"1633","6","creó_método","Método 'double caminar()' agregado a la clase 'Empleado' en proyecto 6","2025-02-21 22:24:24.000000"
"1634","6","creó_método","Método 'String toString()' agregado a la clase 'CuentaAhorro' en proyecto 6","2025-02-21 22:25:11.000000"
"1635","6","modificó_atributo","Atributo 'edad' de clase 'Nodo' modificado: tipo cambiado a 'boolean'","2025-02-21 22:28:01.000000"
"1636","6","eliminó_herencia","Relación de herencia eliminada entre 'Camion' y 'CuentaCorriente'","2025-02-21 22:35:54.000000"
"1637","6","estableció_herencia","Relación de herencia creada: 'Producto' extiende a 'Hexagono' en proyecto 6","2025-02-21 22:37:05.000000"
"1638","6","creó_clase","Clase 'Forma' creada en el diagrama (java). Archivo generado en codigos_fuenteusuario_6proyecto_6Forma.java","2025-02-21 22:44:36.000000"
"1639","6","eliminó_herencia","Relación de herencia eliminada entre 'Producto' y 'Hexagono'","2025-02-21 22:51:45.000000"
"1640","6","modificó_atributo","Atributo 'matricula' de clase 'Hexagono' modificado: tipo cambiado a 'int'","2025-02-21 22:56:26.000000"
"1641","6","creó_método","Método 'void toString()' agregado a la clase 'Poligono' en proyecto 6","2025-02-21 23:00:57.000000"
"1642","6","modificó_método","Método 'acelerar()' de clase 'Triangulo': cuerpo actualizado en editor Monaco","2025-02-21 23:07:44.000000"
"1643","6","guardó_código","Archivo: codigos_fuenteusuario_6proyecto_6Empleado.java","2025-02-21 23:11:45.000000"
"1644","6","eliminó_método","Método 'getPrecio()' eliminado de la clase 'Producto'","2025-02-21 23:19:25.000000"
"1645","6","guardó_código","Archivo: codigos_fuenteusuario_6proyecto_6Triangulo.java","2025-02-21 23:22:45.000000"
"1646","6","compiló_java","Éxito en proyecto 6","2025-02-21 23:29:22.000000"
"1647","6","estableció_herencia","Relación de herencia creada: 'Empleado' extiende a 'Perro' en proyecto 6","2025-02-21 23:33:28.000000"
"1648","6","cerró_sesión_inactividad","El sistema cerró la sesión por 10 min sin actividad. Usuario 6 en proyecto 6","2025-02-21 23:41:26.000000"
"1649","6","abrió_sesión","Usuario 6 inició sesión y abrió el proyecto 6","2025-03-10 01:51:00.000000"
"1650","6","creó_clase","Clase 'Moto' creada en el diagrama (java). Archivo generado en codigos_fuenteusuario_6proyecto_6Moto.java","2025-03-10 01:54:24.000000"
"1651","6","compiló_java","Éxito en proyecto 6","2025-03-10 02:02:20.000000"
"1652","6","compiló_java","Éxito en proyecto 6","2025-03-10 02:09:44.000000"
"1653","6","modificó_método","Método 'setEdad()' de clase 'Profesor': cuerpo actualizado en editor Monaco","2025-03-10 02:11:49.000000"
"1654","6","guardó_código","Archivo: codigos_fuenteusuario_6proyecto_6Forma.java","2025-03-10 02:14:07.000000"
"1655","6","eliminó_método","Método 'toString()' eliminado de la clase 'Perro'","2025-03-10 02:16:11.000000"
"1656","6","modificó_clase","Error al modificar clase 'Camion': nombre inválido","2025-03-10 02:17:21.000000"
"1657","6","modificó_herencia","Relación de herencia modificada: 'Empleado' ahora hereda de 'Perro' (antes diferente)","2025-03-10 02:24:13.000000"
"1658","6","creó_método","Método 'double inicializar()' agregado a la clase 'Triangulo' en proyecto 6","2025-03-10 02:29:52.000000"
"1659","6","creó_atributo","Atributo 'protected float lados' agregado a la clase 'Poligono' en proyecto 6","2025-03-10 02:32:34.000000"
"1660","6","creó_método","Método 'void frenar()' agregado a la clase 'Moto' en proyecto 6","2025-03-10 02:40:30.000000"
"1661","6","creó_atributo","Atributo 'protected char modelo' agregado a la clase 'Cliente' en proyecto 6","2025-03-10 02:46:44.000000"
"1662","6","eliminó_atributo","Atributo 'lados' eliminado de la clase 'CuentaCorriente'","2025-03-10 02:48:08.000000"
"1663","6","creó_atributo","Atributo 'protected float anio' agregado a la clase 'Moto' en proyecto 6","2025-03-10 02:52:20.000000"
"1664","6","creó_método","Error: firma duplicada al crear método en 'ListaEnlazada'","2025-03-10 02:57:23.000000"
"1665","6","modificó_atributo","Atributo 'velocidad' de clase 'Empleado' modificado: tipo cambiado a 'double'","2025-03-10 02:58:02.000000"
"1666","6","modificó_atributo","Atributo 'departamento' de clase 'Gato' modificado: tipo cambiado a 'String'","2025-03-10 02:58:34.000000"
"1667","6","estableció_herencia","Relación de herencia creada: 'Cliente' extiende a 'Pila' en proyecto 6","2025-03-10 03:02:26.000000"
"1668","6","eliminó_atributo","Atributo 'lados' eliminado de la clase 'Perro'","2025-03-10 03:03:55.000000"
"1669","6","compiló_java","Fallo en proyecto 6. error: ';' expected","2025-03-10 03:04:31.000000"
"1670","6","eliminó_clase","Clase 'Producto' eliminada del diagrama. Archivo físico removido del proyecto 6","2025-03-10 03:06:28.000000"
"1671","6","guardó_código","Archivo: codigos_fuenteusuario_6proyecto_6Nodo.java","2025-03-10 03:12:33.000000"
"1672","6","creó_método","Método 'double toString()' agregado a la clase 'Gato' en proyecto 6","2025-03-10 03:17:07.000000"
"1673","6","guardó_código","Archivo: codigos_fuenteusuario_6proyecto_6Pila.java","2025-03-10 03:21:32.000000"
"1674","6","creó_clase","Clase 'Animal' creada en el diagrama (java). Archivo generado en codigos_fuenteusuario_6proyecto_6Animal.java","2025-03-10 03:27:56.000000"
"1675","6","creó_atributo","Atributo 'private int departamento' agregado a la clase 'Perro' en proyecto 6","2025-03-10 03:31:53.000000"
"1676","6","modificó_atributo","Atributo 'altura' de clase 'Empleado' modificado: tipo cambiado a 'boolean'","2025-03-10 03:39:47.000000"
"1677","6","creó_método","Error: firma duplicada al crear método en 'CuentaAhorro'","2025-03-10 03:45:53.000000"
"1678","6","eliminó_método","Método 'validar()' eliminado de la clase 'Persona'","2025-03-10 03:52:44.000000"
"1679","6","estableció_herencia","Relación de herencia creada: 'Profesor' extiende a 'Forma' en proyecto 6","2025-03-10 03:58:22.000000"
"1680","6","compiló_java","Fallo en proyecto 6. error: incompatible types: String cannot be converted to int","2025-03-10 04:05:03.000000"
"1681","6","compiló_java","Éxito en proyecto 6","2025-03-10 04:09:42.000000"
"1682","6","guardó_código","Archivo: codigos_fuenteusuario_6proyecto_6Profesor.java","2025-03-10 04:12:47.000000"
"1683","6","compiló_java","Fallo en proyecto 6. error: class, interface, or enum expected","2025-03-10 04:18:33.000000"
"1684","6","creó_método","Error: firma duplicada al crear método en 'Forma'","2025-03-10 04:25:59.000000"
"1685","6","modificó_método","Método 'depositar()' de clase 'Nodo': cuerpo actualizado en editor Monaco","2025-03-10 04:31:44.000000"
"1686","6","compiló_java","Éxito en proyecto 6","2025-03-10 04:35:18.000000"
"1687","6","eliminó_método","Método 'aplicarDescuento()' eliminado de la clase 'Triangulo'","2025-03-10 04:41:41.000000"
"1688","6","guardó_código","Archivo: codigos_fuenteusuario_6proyecto_6Empleado.java","2025-03-10 04:47:55.000000"
"1689","6","creó_clase","Clase 'Rectangulo' creada en el diagrama (java). Archivo generado en codigos_fuenteusuario_6proyecto_6Rectangulo.java","2025-03-10 04:54:18.000000"
"1690","6","creó_atributo","Atributo 'protected boolean color' agregado a la clase 'Triangulo' en proyecto 6","2025-03-10 05:00:33.000000"
"1691","6","modificó_clase","Clase 'CuentaAhorro' modificada: se actualizó el modificador de acceso a 'private'","2025-03-10 05:04:25.000000"
"1692","6","cerró_sesión_inactividad","El sistema cerró la sesión por 10 min sin actividad. Usuario 6 en proyecto 6","2025-03-10 05:11:46.000000"
"1693","6","abrió_sesión","Usuario 6 inició sesión y abrió el proyecto 6","2025-04-19 04:43:00.000000"
"1694","6","modificó_método","Método 'setEdad()' de clase 'Rectangulo': cuerpo actualizado en editor Monaco","2025-04-19 04:43:45.000000"
"1695","6","compiló_java","Fallo en proyecto 6. error: incompatible types: String cannot be converted to int","2025-04-19 04:48:01.000000"
"1696","6","creó_atributo","Atributo 'public boolean color' agregado a la clase 'Empleado' en proyecto 6","2025-04-19 04:49:45.000000"
"1697","6","guardó_código","Archivo: codigos_fuenteusuario_6proyecto_6Pila.java","2025-04-19 04:56:49.000000"
"1698","6","creó_método","Método 'int setEdad()' agregado a la clase 'Forma' en proyecto 6","2025-04-19 04:57:24.000000"
"1699","6","creó_clase","Clase 'ProductoFisico' creada en el diagrama (java). Archivo generado en codigos_fuenteusuario_6proyecto_6ProductoFisico.java","2025-04-19 05:04:01.000000"
"1700","6","compiló_java","Éxito en proyecto 6","2025-04-19 05:11:23.000000"
"1701","6","eliminó_herencia","Relación de herencia eliminada entre 'Persona' y 'Profesor'","2025-04-19 05:16:17.000000"
"1702","6","guardó_código","Archivo: codigos_fuenteusuario_6proyecto_6Persona.java","2025-04-19 05:17:22.000000"
"1703","6","creó_atributo","Atributo 'protected int anio' agregado a la clase 'Forma' en proyecto 6","2025-04-19 05:18:35.000000"
"1704","6","creó_método","Método 'int arrancar()' agregado a la clase 'Pila' en proyecto 6","2025-04-19 05:21:58.000000"
"1705","6","creó_método","Error: firma duplicada al crear método en 'Animal'","2025-04-19 05:25:09.000000"
"1706","6","modificó_método","Error de sintaxis al modificar método en 'ProductoFisico'","2025-04-19 05:29:04.000000"
"1707","6","creó_atributo","Atributo 'private char marca' agregado a la clase 'CuentaAhorro' en proyecto 6","2025-04-19 05:36:09.000000"
"1708","6","creó_método","Método 'boolean arrancar()' agregado a la clase 'Vehiculo' en proyecto 6","2025-04-19 05:38:03.000000"
"1709","6","guardó_código","Archivo: codigos_fuenteusuario_6proyecto_6Animal.java","2025-04-19 05:42:15.000000"
"1710","6","modificó_atributo","Atributo 'lados' de clase 'Persona' modificado: tipo cambiado a 'float'","2025-04-19 05:43:16.000000"
"1711","6","creó_clase","Clase 'Producto' creada en el diagrama (java). Archivo generado en codigos_fuenteusuario_6proyecto_6Producto.java","2025-04-19 05:47:07.000000"
"1712","6","guardó_código","Archivo: codigos_fuenteusuario_6proyecto_6Hexagono.java","2025-04-19 05:54:05.000000"
"1713","6","creó_atributo","Atributo 'public boolean marca' agregado a la clase 'ListaEnlazada' en proyecto 6","2025-04-19 05:54:53.000000"
"1714","6","estableció_herencia","Relación de herencia creada: 'Hexagono' extiende a 'Animal' en proyecto 6","2025-04-19 06:01:01.000000"
"1715","6","eliminó_clase","Clase 'Hexagono' eliminada del diagrama. Archivo físico removido del proyecto 6","2025-04-19 06:06:59.000000"
"1716","6","compiló_java","Éxito en proyecto 6","2025-04-19 06:08:46.000000"
"1717","6","creó_método","Método 'boolean setPrecio()' agregado a la clase 'Nodo' en proyecto 6","2025-04-19 06:14:10.000000"
"1718","6","modificó_clase","Clase 'Moto' modificada: se actualizó el modificador de acceso a 'private'","2025-04-19 06:15:09.000000"
"1719","6","eliminó_método","Error al eliminar método: no encontrado en 'Poligono'","2025-04-19 06:21:02.000000"
"1720","6","estableció_herencia","Error: herencia circular detectada entre 'Producto' y 'Profesor'","2025-04-19 06:27:37.000000"
"1721","6","modificó_clase","Clase 'Profesor' modificada: se actualizó el modificador de acceso a 'public'","2025-04-19 06:34:56.000000"
"1722","6","modificó_clase","Clase 'Moto' modificada: se actualizó el modificador de acceso a 'private'","2025-04-19 06:41:04.000000"
"1723","6","creó_atributo","Atributo 'public String color' agregado a la clase 'Pila' en proyecto 6","2025-04-19 06:49:02.000000"
"1724","6","creó_clase","Clase 'Circulo' creada en el diagrama (java). Archivo generado en codigos_fuenteusuario_6proyecto_6Circulo.java","2025-04-19 06:53:58.000000"
"1725","6","guardó_código","Archivo: codigos_fuenteusuario_6proyecto_6CuentaCorriente.java","2025-04-19 06:56:59.000000"
"1726","6","creó_clase","Clase 'ProductoDigital' creada en el diagrama (java). Archivo generado en codigos_fuenteusuario_6proyecto_6ProductoDigital.java","2025-04-19 07:01:03.000000"
"1727","6","creó_atributo","Atributo 'protected float marca' agregado a la clase 'Poligono' en proyecto 6","2025-04-19 07:04:58.000000"
"1728","6","modificó_atributo","Atributo 'modelo' de clase 'Vehiculo' modificado: tipo cambiado a 'String'","2025-04-19 07:11:16.000000"
"1729","6","creó_método","Método 'double calcularSalario()' agregado a la clase 'Nodo' en proyecto 6","2025-04-19 07:17:44.000000"
"1730","6","compiló_java","Éxito en proyecto 6","2025-04-19 07:22:57.000000"
"1731","6","modificó_método","Método 'transferir()' de clase 'ProductoFisico': cuerpo actualizado en editor Monaco","2025-04-19 07:30:54.000000"
"1732","6","creó_atributo","Atributo 'public float kilometraje' agregado a la clase 'Vehiculo' en proyecto 6","2025-04-19 07:33:59.000000"
"1733","6","modificó_método","Error de sintaxis al modificar método en 'Perro'","2025-04-19 07:40:38.000000"
"1734","6","creó_clase","Clase 'Cola' creada en el diagrama (java). Archivo generado en codigos_fuenteusuario_6proyecto_6Cola.java","2025-04-19 07:47:28.000000"
"1735","6","creó_atributo","Atributo 'private boolean anio' agregado a la clase 'ProductoDigital' en proyecto 6","2025-04-19 07:50:38.000000"
"1736","6","modificó_herencia","Relación de herencia modificada: 'Profesor' ahora hereda de 'Forma' (antes diferente)","2025-04-19 07:54:04.000000"
"1737","6","modificó_herencia","Relación de herencia modificada: 'Profesor' ahora hereda de 'Forma' (antes diferente)","2025-04-19 07:54:38.000000"
"1738","6","creó_método","Método 'boolean getPrecio()' agregado a la clase 'Forma' en proyecto 6","2025-04-19 08:02:11.000000"
"1739","6","modificó_herencia","Error al modificar herencia: clase base 'Pila' no compatible","2025-04-19 08:05:04.000000"
"1740","6","compiló_java","Fallo en proyecto 6. error: cannot find symbol: variable marca","2025-04-19 08:10:04.000000"
"1741","6","creó_método","Método 'double setNombre()' agregado a la clase 'Animal' en proyecto 6","2025-04-19 08:15:46.000000"
"1742","6","creó_atributo","Atributo 'protected boolean nombre' agregado a la clase 'Camion' en proyecto 6","2025-04-19 08:17:31.000000"
"1743","6","guardó_código","Archivo: codigos_fuenteusuario_6proyecto_6Vehiculo.java","2025-04-19 08:23:59.000000"
"1744","6","eliminó_herencia","Relación de herencia eliminada entre 'Profesor' y 'Forma'","2025-04-19 08:27:55.000000"
"1745","6","guardó_código","Archivo: codigos_fuenteusuario_6proyecto_6Nodo.java","2025-04-19 08:32:13.000000"
"1746","6","modificó_clase","Error al modificar clase 'ListaEnlazada': nombre inválido","2025-04-19 08:38:12.000000"
"1747","6","guardó_código","Archivo: codigos_fuenteusuario_6proyecto_6Circulo.java","2025-04-19 08:40:27.000000"
"1748","6","modificó_herencia","Relación de herencia modificada: 'Empleado' ahora hereda de 'Perro' (antes diferente)","2025-04-19 08:45:35.000000"
"1749","6","cerró_sesión_inactividad","El sistema cerró la sesión por 10 min sin actividad. Usuario 6 en proyecto 6","2025-04-19 08:51:24.000000"
"1750","7","abrió_sesión","Usuario 7 inició sesión y abrió el proyecto 7","2025-02-16 19:15:00.000000"
"1751","7","creó_clase","Clase 'Auto' creada en el diagrama (cpp). Archivo generado en codigos_fuenteusuario_7proyecto_7Auto.cpp","2025-02-16 19:19:42.000000"
"1752","7","creó_método","Método 'boolean toString()' agregado a la clase 'Auto' en proyecto 7","2025-02-16 19:24:32.000000"
"1753","7","creó_clase","Clase 'Forma' creada en el diagrama (cpp). Archivo generado en codigos_fuenteusuario_7proyecto_7Forma.cpp","2025-02-16 19:31:27.000000"
"1754","7","creó_método","Método 'double setNombre()' agregado a la clase 'Forma' en proyecto 7","2025-02-16 19:36:15.000000"
"1755","7","creó_método","Método 'String caminar()' agregado a la clase 'Forma' en proyecto 7","2025-02-16 19:40:02.000000"
"1756","7","creó_método","Método 'int setNombre()' agregado a la clase 'Auto' en proyecto 7","2025-02-16 19:41:30.000000"
"1757","7","guardó_código","Archivo: codigos_fuenteusuario_7proyecto_7Auto.cpp","2025-02-16 19:44:17.000000"
"1758","7","modificó_método","Error de sintaxis al modificar método en 'Forma'","2025-02-16 19:45:18.000000"
"1759","7","compiló_cpp","Éxito en proyecto 7","2025-02-16 19:48:30.000000"
"1760","7","compiló_cpp","Fallo en proyecto 7. error: 'class' redefinition","2025-02-16 19:52:57.000000"
"1761","7","guardó_código","Archivo: codigos_fuenteusuario_7proyecto_7Forma.cpp","2025-02-16 19:58:10.000000"
"1762","7","creó_atributo","Atributo 'private double modelo' agregado a la clase 'Forma' en proyecto 7","2025-02-16 20:02:08.000000"
"1763","7","creó_método","Método 'void aplicarDescuento()' agregado a la clase 'Auto' en proyecto 7","2025-02-16 20:03:11.000000"
"1764","7","modificó_método","Método 'setPrecio()' de clase 'Auto': cuerpo actualizado en editor Monaco","2025-02-16 20:07:48.000000"
"1765","7","eliminó_atributo","Atributo 'anio' eliminado de la clase 'Forma'","2025-02-16 20:08:32.000000"
"1766","7","creó_método","Error: firma duplicada al crear método en 'Auto'","2025-02-16 20:12:30.000000"
"1767","7","modificó_método","Método 'caminar()' de clase 'Forma': cuerpo actualizado en editor Monaco","2025-02-16 20:18:24.000000"
"1768","7","creó_atributo","Atributo 'protected int nombre' agregado a la clase 'Forma' en proyecto 7","2025-02-16 20:20:53.000000"
"1769","7","estableció_herencia","Relación de herencia creada: 'Auto' extiende a 'Forma' en proyecto 7","2025-02-16 20:21:32.000000"
"1770","7","eliminó_método","Método 'setPrecio()' eliminado de la clase 'Auto'","2025-02-16 20:24:19.000000"
"1771","7","guardó_código","Archivo: codigos_fuenteusuario_7proyecto_7Forma.cpp","2025-02-16 20:29:32.000000"
"1772","7","compiló_cpp","Éxito en proyecto 7","2025-02-16 20:35:02.000000"
"1773","7","modificó_herencia","Relación de herencia modificada: 'Auto' ahora hereda de 'Forma' (antes diferente)","2025-02-16 20:41:17.000000"
"1774","7","creó_clase","Clase 'Poligono' creada en el diagrama (cpp). Archivo generado en codigos_fuenteusuario_7proyecto_7Poligono.cpp","2025-02-16 20:42:38.000000"
"1775","7","compiló_cpp","Éxito en proyecto 7","2025-02-16 20:45:14.000000"
"1776","7","guardó_código","Archivo: codigos_fuenteusuario_7proyecto_7Forma.cpp","2025-02-16 20:52:14.000000"
"1777","7","modificó_método","Método 'getPrecio()' de clase 'Auto': cuerpo actualizado en editor Monaco","2025-02-16 20:57:28.000000"
"1778","7","creó_método","Método 'void depositar()' agregado a la clase 'Poligono' en proyecto 7","2025-02-16 21:03:31.000000"
"1779","7","guardó_código","Archivo: codigos_fuenteusuario_7proyecto_7Auto.cpp","2025-02-16 21:10:43.000000"
"1780","7","compiló_cpp","Fallo en proyecto 7. error: 'precio' was not declared in this scope","2025-02-16 21:12:17.000000"
"1781","7","eliminó_clase","Clase 'Poligono' eliminada del diagrama. Archivo físico removido del proyecto 7","2025-02-16 21:15:22.000000"
"1782","7","creó_clase","Clase 'Circulo' creada en el diagrama (cpp). Archivo generado en codigos_fuenteusuario_7proyecto_7Circulo.cpp","2025-02-16 21:20:42.000000"
"1783","7","creó_clase","Clase 'Estudiante' creada en el diagrama (cpp). Archivo generado en codigos_fuenteusuario_7proyecto_7Estudiante.cpp","2025-02-16 21:24:40.000000"
"1784","7","guardó_código","Archivo: codigos_fuenteusuario_7proyecto_7Estudiante.cpp","2025-02-16 21:28:58.000000"
"1785","7","creó_método","Método 'int setNombre()' agregado a la clase 'Estudiante' en proyecto 7","2025-02-16 21:30:10.000000"
"1786","7","guardó_código","Archivo: codigos_fuenteusuario_7proyecto_7Auto.cpp","2025-02-16 21:37:53.000000"
"1787","7","creó_método","Método 'int caminar()' agregado a la clase 'Estudiante' en proyecto 7","2025-02-16 21:43:48.000000"
"1788","7","creó_clase","Clase 'ProductoDigital' creada en el diagrama (cpp). Archivo generado en codigos_fuenteusuario_7proyecto_7ProductoDigital.cpp","2025-02-16 21:48:34.000000"
"1789","7","eliminó_herencia","Error al eliminar herencia entre 'Auto' y 'Forma'","2025-02-16 21:50:48.000000"
"1790","7","cerró_sesión_inactividad","El sistema cerró la sesión por 10 min sin actividad. Usuario 7 en proyecto 7","2025-02-16 21:57:58.000000"
"1791","7","abrió_sesión","Usuario 7 inició sesión y abrió el proyecto 7","2025-02-20 20:04:00.000000"
"1792","7","modificó_herencia","Error al modificar herencia: clase base 'Forma' no compatible","2025-02-20 20:04:44.000000"
"1793","7","creó_método","Método 'void setNombre()' agregado a la clase 'Estudiante' en proyecto 7","2025-02-20 20:09:19.000000"
"1794","7","creó_atributo","Atributo 'private String peso' agregado a la clase 'Estudiante' en proyecto 7","2025-02-20 20:13:30.000000"
"1795","7","creó_clase","Clase 'Nodo' creada en el diagrama (cpp). Archivo generado en codigos_fuenteusuario_7proyecto_7Nodo.cpp","2025-02-20 20:20:53.000000"
"1796","7","modificó_clase","Clase 'Auto' modificada: se actualizó el modificador de acceso a 'public'","2025-02-20 20:21:35.000000"
"1797","7","compiló_cpp","Éxito en proyecto 7","2025-02-20 20:27:08.000000"
"1798","7","eliminó_método","Método 'getEdad()' eliminado de la clase 'ProductoDigital'","2025-02-20 20:34:26.000000"
"1799","7","modificó_método","Método 'calcularSalario()' de clase 'Nodo': cuerpo actualizado en editor Monaco","2025-02-20 20:40:16.000000"
"1800","7","estableció_herencia","Relación de herencia creada: 'Auto' extiende a 'ProductoDigital' en proyecto 7","2025-02-20 20:43:37.000000"
"1801","7","compiló_cpp","Éxito en proyecto 7","2025-02-20 20:51:17.000000"
"1802","7","creó_método","Método 'boolean obtenerNombre()' agregado a la clase 'Circulo' en proyecto 7","2025-02-20 20:53:55.000000"
"1803","7","creó_clase","Clase 'Persona' creada en el diagrama (cpp). Archivo generado en codigos_fuenteusuario_7proyecto_7Persona.cpp","2025-02-20 20:56:31.000000"
"1804","7","modificó_método","Método 'toString()' de clase 'Forma': cuerpo actualizado en editor Monaco","2025-02-20 20:57:56.000000"
"1805","7","eliminó_atributo","Atributo 'tasa' eliminado de la clase 'Estudiante'","2025-02-20 21:02:28.000000"
"1806","7","compiló_cpp","Éxito en proyecto 7","2025-02-20 21:05:00.000000"
"1807","7","creó_método","Método 'String setEdad()' agregado a la clase 'Circulo' en proyecto 7","2025-02-20 21:08:24.000000"
"1808","7","creó_método","Método 'int depositar()' agregado a la clase 'Circulo' en proyecto 7","2025-02-20 21:16:00.000000"
"1809","7","creó_atributo","Atributo 'public int radio' agregado a la clase 'Estudiante' en proyecto 7","2025-02-20 21:16:57.000000"
"1810","7","modificó_método","Método 'transferir()' de clase 'ProductoDigital': cuerpo actualizado en editor Monaco","2025-02-20 21:24:27.000000"
"1811","7","compiló_cpp","Éxito en proyecto 7","2025-02-20 21:27:47.000000"
"1812","7","modificó_atributo","Atributo 'saldo' de clase 'Auto' modificado: tipo cambiado a 'String'","2025-02-20 21:32:43.000000"
"1813","7","cerró_sesión_inactividad","El sistema cerró la sesión por 10 min sin actividad. Usuario 7 en proyecto 7","2025-02-20 21:39:59.000000"
"1814","7","abrió_sesión","Usuario 7 inició sesión y abrió el proyecto 7","2025-03-07 02:30:00.000000"
"1815","7","guardó_código","Archivo: codigos_fuenteusuario_7proyecto_7Forma.cpp","2025-03-07 02:35:37.000000"
"1816","7","guardó_código","Archivo: codigos_fuenteusuario_7proyecto_7Auto.cpp","2025-03-07 02:42:01.000000"
"1817","7","estableció_herencia","Relación de herencia creada: 'Persona' extiende a 'Auto' en proyecto 7","2025-03-07 02:45:20.000000"
"1818","7","compiló_cpp","Éxito en proyecto 7","2025-03-07 02:53:06.000000"
"1819","7","creó_atributo","Atributo 'private char radio' agregado a la clase 'Forma' en proyecto 7","2025-03-07 02:58:32.000000"
"1820","7","eliminó_herencia","Error al eliminar herencia entre 'Persona' y 'Auto'","2025-03-07 03:03:51.000000"
"1821","7","creó_clase","Clase 'Moto' creada en el diagrama (cpp). Archivo generado en codigos_fuenteusuario_7proyecto_7Moto.cpp","2025-03-07 03:07:12.000000"
"1822","7","compiló_cpp","Éxito en proyecto 7","2025-03-07 03:12:57.000000"
"1823","7","eliminó_clase","Clase 'Nodo' eliminada del diagrama. Archivo físico removido del proyecto 7","2025-03-07 03:16:00.000000"
"1824","7","guardó_código","Archivo: codigos_fuenteusuario_7proyecto_7Persona.cpp","2025-03-07 03:20:04.000000"
"1825","7","eliminó_método","Método 'validar()' eliminado de la clase 'Auto'","2025-03-07 03:23:22.000000"
"1826","7","compiló_cpp","Éxito en proyecto 7","2025-03-07 03:25:15.000000"
"1827","7","modificó_método","Método 'depositar()' de clase 'Auto': cuerpo actualizado en editor Monaco","2025-03-07 03:26:38.000000"
"1828","7","creó_método","Método 'int aplicarDescuento()' agregado a la clase 'Moto' en proyecto 7","2025-03-07 03:31:00.000000"
"1829","7","creó_clase","Clase 'Producto' creada en el diagrama (cpp). Archivo generado en codigos_fuenteusuario_7proyecto_7Producto.cpp","2025-03-07 03:38:58.000000"
"1830","7","guardó_código","Archivo: codigos_fuenteusuario_7proyecto_7Forma.cpp","2025-03-07 03:46:12.000000"
"1831","7","eliminó_método","Método 'obtenerInfo()' eliminado de la clase 'Moto'","2025-03-07 03:47:03.000000"
"1832","7","creó_método","Método 'String arrancar()' agregado a la clase 'Persona' en proyecto 7","2025-03-07 03:51:46.000000"
"1833","7","eliminó_atributo","Atributo 'precio' eliminado de la clase 'Producto'","2025-03-07 03:54:08.000000"
"1834","7","modificó_método","Método 'setEdad()' de clase 'Moto': cuerpo actualizado en editor Monaco","2025-03-07 03:54:39.000000"
"1835","7","guardó_código","Archivo: codigos_fuenteusuario_7proyecto_7Auto.cpp","2025-03-07 04:00:36.000000"
"1836","7","modificó_atributo","Atributo 'saldo' de clase 'Estudiante' modificado: tipo cambiado a 'double'","2025-03-07 04:03:00.000000"
"1837","7","estableció_herencia","Relación de herencia creada: 'Producto' extiende a 'Circulo' en proyecto 7","2025-03-07 04:09:24.000000"
"1838","7","modificó_clase","Clase 'Forma' modificada: se actualizó el modificador de acceso a 'private'","2025-03-07 04:11:51.000000"
"1839","7","guardó_código","Archivo: codigos_fuenteusuario_7proyecto_7Persona.cpp","2025-03-07 04:16:19.000000"
"1840","7","modificó_atributo","Atributo 'lados' de clase 'Auto' modificado: tipo cambiado a 'float'","2025-03-07 04:22:08.000000"
"1841","7","modificó_atributo","Atributo 'cargo' de clase 'Producto' modificado: tipo cambiado a 'double'","2025-03-07 04:24:27.000000"
"1842","7","creó_atributo","Atributo 'public double tasa' agregado a la clase 'ProductoDigital' en proyecto 7","2025-03-07 04:26:59.000000"
"1843","7","creó_atributo","Atributo 'public boolean departamento' agregado a la clase 'Forma' en proyecto 7","2025-03-07 04:31:35.000000"
"1844","7","compiló_cpp","Fallo en proyecto 7. error: 'altura' was not declared in this scope","2025-03-07 04:38:21.000000"
"1845","7","creó_clase","Clase 'Gerente' creada en el diagrama (cpp). Archivo generado en codigos_fuenteusuario_7proyecto_7Gerente.cpp","2025-03-07 04:45:24.000000"
"1846","7","guardó_código","Archivo: codigos_fuenteusuario_7proyecto_7Persona.cpp","2025-03-07 04:52:51.000000"
"1847","7","guardó_código","Archivo: codigos_fuenteusuario_7proyecto_7ProductoDigital.cpp","2025-03-07 04:56:10.000000"
"1848","7","eliminó_herencia","Relación de herencia eliminada entre 'Persona' y 'Auto'","2025-03-07 05:03:33.000000"
"1849","7","guardó_código","Archivo: codigos_fuenteusuario_7proyecto_7ProductoDigital.cpp","2025-03-07 05:10:21.000000"
"1850","7","compiló_cpp","Éxito en proyecto 7","2025-03-07 05:14:03.000000"
"1851","7","compiló_cpp","Fallo en proyecto 7. error: expected unqualified-id before 'return'","2025-03-07 05:16:18.000000"
"1852","7","compiló_cpp","Éxito en proyecto 7","2025-03-07 05:20:12.000000"
"1853","7","modificó_atributo","Atributo 'matricula' de clase 'Estudiante' modificado: tipo cambiado a 'float'","2025-03-07 05:22:16.000000"
"1854","7","creó_atributo","Atributo 'public float saldo' agregado a la clase 'Producto' en proyecto 7","2025-03-07 05:29:48.000000"
"1855","7","guardó_código","Archivo: codigos_fuenteusuario_7proyecto_7Moto.cpp","2025-03-07 05:30:21.000000"
"1856","7","compiló_cpp","Éxito en proyecto 7","2025-03-07 05:33:56.000000"
"1857","7","creó_método","Método 'double obtenerNombre()' agregado a la clase 'Circulo' en proyecto 7","2025-03-07 05:34:31.000000"
"1858","7","creó_atributo","Atributo 'public float kilometraje' agregado a la clase 'Persona' en proyecto 7","2025-03-07 05:35:38.000000"
"1859","7","creó_atributo","Atributo 'private int marca' agregado a la clase 'Gerente' en proyecto 7","2025-03-07 05:39:11.000000"
"1860","7","eliminó_herencia","Relación de herencia eliminada entre 'Auto' y 'ProductoDigital'","2025-03-07 05:39:56.000000"
"1861","7","eliminó_herencia","Error al eliminar herencia entre 'Auto' y 'Forma'","2025-03-07 05:45:10.000000"
"1862","7","creó_método","Método 'String calcularPerimetro()' agregado a la clase 'Forma' en proyecto 7","2025-03-07 05:46:38.000000"
"1863","7","modificó_método","Método 'retirar()' de clase 'Producto': cuerpo actualizado en editor Monaco","2025-03-07 05:48:20.000000"
"1864","7","modificó_método","Método 'setPrecio()' de clase 'Forma': cuerpo actualizado en editor Monaco","2025-03-07 05:51:18.000000"
"1865","7","creó_clase","Clase 'Cliente' creada en el diagrama (cpp). Archivo generado en codigos_fuenteusuario_7proyecto_7Cliente.cpp","2025-03-07 05:55:33.000000"
"1866","7","guardó_código","Archivo: codigos_fuenteusuario_7proyecto_7Moto.cpp","2025-03-07 05:57:42.000000"
"1867","7","creó_atributo","Atributo 'protected int salario' agregado a la clase 'Estudiante' en proyecto 7","2025-03-07 06:03:35.000000"
"1868","7","creó_clase","Clase 'CuentaBancaria' creada en el diagrama (cpp). Archivo generado en codigos_fuenteusuario_7proyecto_7CuentaBancaria.cpp","2025-03-07 06:09:04.000000"
"1869","7","creó_atributo","Error: tipo de dato no reconocido en atributo de 'Moto'","2025-03-07 06:16:05.000000"
"1870","7","creó_método","Método 'double calcularArea()' agregado a la clase 'Circulo' en proyecto 7","2025-03-07 06:19:39.000000"
"1871","7","modificó_clase","Clase 'Estudiante' modificada: se actualizó el modificador de acceso a 'private'","2025-03-07 06:20:31.000000"
"1872","7","modificó_atributo","Atributo 'codigo' de clase 'CuentaBancaria' modificado: tipo cambiado a 'boolean'","2025-03-07 06:21:16.000000"
"1873","7","creó_método","Método 'int acelerar()' agregado a la clase 'Estudiante' en proyecto 7","2025-03-07 06:23:27.000000"
"1874","7","eliminó_herencia","Relación de herencia eliminada entre 'Producto' y 'Circulo'","2025-03-07 06:25:38.000000"
"1875","7","creó_método","Método 'boolean arrancar()' agregado a la clase 'Moto' en proyecto 7","2025-03-07 06:28:33.000000"
"1876","7","modificó_atributo","Atributo 'peso' de clase 'Producto' modificado: tipo cambiado a 'double'","2025-03-07 06:30:32.000000"
"1877","7","estableció_herencia","Relación de herencia creada: 'Persona' extiende a 'Producto' en proyecto 7","2025-03-07 06:32:54.000000"
"1878","7","creó_atributo","Atributo 'private float velocidad' agregado a la clase 'ProductoDigital' en proyecto 7","2025-03-07 06:35:38.000000"
"1879","7","estableció_herencia","Relación de herencia creada: 'Gerente' extiende a 'Moto' en proyecto 7","2025-03-07 06:42:16.000000"
"1880","7","guardó_código","Archivo: codigos_fuenteusuario_7proyecto_7CuentaBancaria.cpp","2025-03-07 06:44:15.000000"
"1881","7","creó_clase","Clase 'Perro' creada en el diagrama (cpp). Archivo generado en codigos_fuenteusuario_7proyecto_7Perro.cpp","2025-03-07 06:47:38.000000"
"1882","7","guardó_código","Archivo: codigos_fuenteusuario_7proyecto_7Circulo.cpp","2025-03-07 06:55:21.000000"
"1883","7","cerró_sesión_inactividad","El sistema cerró la sesión por 10 min sin actividad. Usuario 7 en proyecto 7","2025-03-07 07:00:34.000000"
"1884","7","abrió_sesión","Usuario 7 inició sesión y abrió el proyecto 7","2025-03-16 17:44:00.000000"
"1885","7","modificó_clase","Error al modificar clase 'ProductoDigital': nombre inválido","2025-03-16 17:48:42.000000"
"1886","7","modificó_método","Método 'calcularSalario()' de clase 'Persona': cuerpo actualizado en editor Monaco","2025-03-16 17:52:42.000000"
"1887","7","creó_clase","Clase 'Rectangulo' creada en el diagrama (cpp). Archivo generado en codigos_fuenteusuario_7proyecto_7Rectangulo.cpp","2025-03-16 17:59:42.000000"
"1888","7","modificó_clase","Clase 'Producto' modificada: se actualizó el modificador de acceso a 'public'","2025-03-16 18:04:55.000000"
"1889","7","compiló_cpp","Éxito en proyecto 7","2025-03-16 18:06:27.000000"
"1890","7","creó_atributo","Atributo 'private String base' agregado a la clase 'Circulo' en proyecto 7","2025-03-16 18:10:05.000000"
"1891","7","eliminó_método","Método 'depositar()' eliminado de la clase 'CuentaBancaria'","2025-03-16 18:11:14.000000"
"1892","7","creó_atributo","Atributo 'public char edad' agregado a la clase 'Producto' en proyecto 7","2025-03-16 18:18:10.000000"
"1893","7","modificó_atributo","Atributo 'anio' de clase 'Estudiante' modificado: tipo cambiado a 'boolean'","2025-03-16 18:19:33.000000"
"1894","7","modificó_método","Método 'calcularPerimetro()' de clase 'CuentaBancaria': cuerpo actualizado en editor Monaco","2025-03-16 18:24:21.000000"
"1895","7","eliminó_clase","Clase 'Producto' eliminada del diagrama. Archivo físico removido del proyecto 7","2025-03-16 18:31:23.000000"
"1896","7","creó_clase","Clase 'Nodo' creada en el diagrama (cpp). Archivo generado en codigos_fuenteusuario_7proyecto_7Nodo.cpp","2025-03-16 18:38:32.000000"
"1897","7","creó_atributo","Atributo 'protected int peso' agregado a la clase 'Estudiante' en proyecto 7","2025-03-16 18:41:48.000000"
"1898","7","eliminó_herencia","Relación de herencia eliminada entre 'Gerente' y 'Moto'","2025-03-16 18:45:47.000000"
"1899","7","modificó_método","Método 'calcularPerimetro()' de clase 'Perro': cuerpo actualizado en editor Monaco","2025-03-16 18:50:07.000000"
"1900","7","compiló_cpp","Éxito en proyecto 7","2025-03-16 18:52:01.000000"
"1901","7","guardó_código","Archivo: codigos_fuenteusuario_7proyecto_7Rectangulo.cpp","2025-03-16 18:54:40.000000"
"1902","7","creó_método","Método 'boolean arrancar()' agregado a la clase 'Moto' en proyecto 7","2025-03-16 18:56:56.000000"
"1903","7","guardó_código","Archivo: codigos_fuenteusuario_7proyecto_7Perro.cpp","2025-03-16 19:01:45.000000"
"1904","7","estableció_herencia","Relación de herencia creada: 'Gerente' extiende a 'Moto' en proyecto 7","2025-03-16 19:02:37.000000"
"1905","7","modificó_clase","Clase 'Estudiante' modificada: se actualizó el modificador de acceso a 'public'","2025-03-16 19:07:03.000000"
"1906","7","modificó_método","Método 'consultarSaldo()' de clase 'Moto': cuerpo actualizado en editor Monaco","2025-03-16 19:07:46.000000"
"1907","7","guardó_código","Archivo: codigos_fuenteusuario_7proyecto_7Gerente.cpp","2025-03-16 19:08:53.000000"
"1908","7","compiló_cpp","Éxito en proyecto 7","2025-03-16 19:14:50.000000"
"1909","7","creó_clase","Clase 'Figura' creada en el diagrama (cpp). Archivo generado en codigos_fuenteusuario_7proyecto_7Figura.cpp","2025-03-16 19:21:15.000000"
"1910","7","creó_método","Error: firma duplicada al crear método en 'Nodo'","2025-03-16 19:27:30.000000"
"1911","7","eliminó_atributo","Atributo 'marca' eliminado de la clase 'Forma'","2025-03-16 19:34:23.000000"
"1912","7","guardó_código","Archivo: codigos_fuenteusuario_7proyecto_7Circulo.cpp","2025-03-16 19:38:49.000000"
"1913","7","creó_método","Error: firma duplicada al crear método en 'Forma'","2025-03-16 19:42:34.000000"
"1914","7","creó_atributo","Error: tipo de dato no reconocido en atributo de 'Rectangulo'","2025-03-16 19:45:59.000000"
"1915","7","eliminó_clase","Clase 'Persona' eliminada del diagrama. Archivo físico removido del proyecto 7","2025-03-16 19:52:50.000000"
"1916","7","estableció_herencia","Relación de herencia creada: 'Nodo' extiende a 'Moto' en proyecto 7","2025-03-16 19:56:44.000000"
"1917","7","creó_clase","Clase 'Cola' creada en el diagrama (cpp). Archivo generado en codigos_fuenteusuario_7proyecto_7Cola.cpp","2025-03-16 20:04:32.000000"
"1918","7","eliminó_atributo","Atributo 'nombre' eliminado de la clase 'Rectangulo'","2025-03-16 20:06:41.000000"
"1919","7","creó_clase","Clase 'Camion' creada en el diagrama (cpp). Archivo generado en codigos_fuenteusuario_7proyecto_7Camion.cpp","2025-03-16 20:10:34.000000"
"1920","7","modificó_atributo","Atributo 'peso' de clase 'Nodo' modificado: tipo cambiado a 'int'","2025-03-16 20:11:23.000000"
"1921","7","cerró_sesión_inactividad","El sistema cerró la sesión por 10 min sin actividad. Usuario 7 en proyecto 7","2025-03-16 20:11:58.000000"
"1922","7","abrió_sesión","Usuario 7 inició sesión y abrió el proyecto 7","2025-03-22 19:09:00.000000"
"1923","7","modificó_clase","Clase 'Estudiante' modificada: se actualizó el modificador de acceso a 'protected'","2025-03-22 19:11:14.000000"
"1924","7","compiló_cpp","Éxito en proyecto 7","2025-03-22 19:17:12.000000"
"1925","7","creó_clase","Clase 'ListaEnlazada' creada en el diagrama (cpp). Archivo generado en codigos_fuenteusuario_7proyecto_7ListaEnlazada.cpp","2025-03-22 19:18:01.000000"
"1926","7","eliminó_atributo","Atributo 'velocidad' eliminado de la clase 'Moto'","2025-03-22 19:20:32.000000"
"1927","7","creó_atributo","Atributo 'protected String anio' agregado a la clase 'Cliente' en proyecto 7","2025-03-22 19:27:13.000000"
"1928","7","creó_clase","Clase 'Profesor' creada en el diagrama (cpp). Archivo generado en codigos_fuenteusuario_7proyecto_7Profesor.cpp","2025-03-22 19:32:49.000000"
"1929","7","modificó_atributo","Atributo 'modelo' de clase 'Moto' modificado: tipo cambiado a 'float'","2025-03-22 19:37:06.000000"
"1930","7","compiló_cpp","Fallo en proyecto 7. error: 'class' redefinition","2025-03-22 19:43:54.000000"
"1931","7","eliminó_método","Error al eliminar método: no encontrado en 'Circulo'","2025-03-22 19:51:53.000000"
"1932","7","creó_método","Método 'double caminar()' agregado a la clase 'ProductoDigital' en proyecto 7","2025-03-22 19:55:11.000000"
"1933","7","modificó_atributo","Atributo 'modelo' de clase 'Perro' modificado: tipo cambiado a 'float'","2025-03-22 19:56:49.000000"
"1934","7","creó_atributo","Atributo 'private String saldo' agregado a la clase 'Circulo' en proyecto 7","2025-03-22 19:59:41.000000"
"1935","7","creó_clase","Clase 'Producto' creada en el diagrama (cpp). Archivo generado en codigos_fuenteusuario_7proyecto_7Producto.cpp","2025-03-22 20:02:53.000000"
"1936","7","creó_método","Error: firma duplicada al crear método en 'Nodo'","2025-03-22 20:08:52.000000"
"1937","7","eliminó_herencia","Relación de herencia eliminada entre 'Gerente' y 'Moto'","2025-03-22 20:16:04.000000"
"1938","7","modificó_método","Método 'toString()' de clase 'Perro': cuerpo actualizado en editor Monaco","2025-03-22 20:23:03.000000"
"1939","7","eliminó_herencia","Relación de herencia eliminada entre 'Auto' y 'Forma'","2025-03-22 20:23:53.000000"
"1940","7","guardó_código","Archivo: codigos_fuenteusuario_7proyecto_7Moto.cpp","2025-03-22 20:28:49.000000"
"1941","7","modificó_herencia","Relación de herencia modificada: 'Nodo' ahora hereda de 'Moto' (antes diferente)","2025-03-22 20:36:04.000000"
"1942","7","modificó_método","Método 'setNombre()' de clase 'ListaEnlazada': cuerpo actualizado en editor Monaco","2025-03-22 20:40:06.000000"
"1943","7","estableció_herencia","Relación de herencia creada: 'CuentaBancaria' extiende a 'Cliente' en proyecto 7","2025-03-22 20:46:07.000000"
"1944","7","modificó_método","Método 'setPrecio()' de clase 'Nodo': cuerpo actualizado en editor Monaco","2025-03-22 20:53:33.000000"
"1945","7","guardó_código","Archivo: codigos_fuenteusuario_7proyecto_7ProductoDigital.cpp","2025-03-22 20:56:30.000000"
"1946","7","modificó_herencia","Relación de herencia modificada: 'Nodo' ahora hereda de 'Moto' (antes diferente)","2025-03-22 21:03:24.000000"
"1947","7","creó_clase","Clase 'Gato' creada en el diagrama (cpp). Archivo generado en codigos_fuenteusuario_7proyecto_7Gato.cpp","2025-03-22 21:04:06.000000"
"1948","7","creó_atributo","Atributo 'private boolean peso' agregado a la clase 'Figura' en proyecto 7","2025-03-22 21:06:33.000000"
"1949","7","guardó_código","Archivo: codigos_fuenteusuario_7proyecto_7Cola.cpp","2025-03-22 21:14:16.000000"
"1950","7","guardó_código","Archivo: codigos_fuenteusuario_7proyecto_7Cola.cpp","2025-03-22 21:21:01.000000"
"1951","7","creó_método","Método 'boolean caminar()' agregado a la clase 'Perro' en proyecto 7","2025-03-22 21:24:20.000000"
"1952","7","eliminó_atributo","Atributo 'peso' eliminado de la clase 'Perro'","2025-03-22 21:27:45.000000"
"1953","7","modificó_método","Método 'hablar()' de clase 'Estudiante': cuerpo actualizado en editor Monaco","2025-03-22 21:30:19.000000"
"1954","7","guardó_código","Archivo: codigos_fuenteusuario_7proyecto_7ProductoDigital.cpp","2025-03-22 21:32:34.000000"
"1955","7","estableció_herencia","Relación de herencia creada: 'Perro' extiende a 'Figura' en proyecto 7","2025-03-22 21:37:40.000000"
"1956","7","compiló_cpp","Éxito en proyecto 7","2025-03-22 21:38:37.000000"
"1957","7","eliminó_método","Método 'toString()' eliminado de la clase 'Circulo'","2025-03-22 21:44:47.000000"
"1958","7","eliminó_atributo","Atributo 'radio' eliminado de la clase 'Perro'","2025-03-22 21:47:24.000000"
"1959","7","eliminó_clase","Clase 'Gerente' eliminada del diagrama. Archivo físico removido del proyecto 7","2025-03-22 21:54:44.000000"
"1960","7","modificó_herencia","Relación de herencia modificada: 'CuentaBancaria' ahora hereda de 'Cliente' (antes diferente)","2025-03-22 22:01:05.000000"
"1961","7","guardó_código","Archivo: codigos_fuenteusuario_7proyecto_7Cliente.cpp","2025-03-22 22:07:31.000000"
"1962","7","eliminó_método","Método 'consultarSaldo()' eliminado de la clase 'Forma'","2025-03-22 22:14:09.000000"
"1963","7","eliminó_herencia","Relación de herencia eliminada entre 'CuentaBancaria' y 'Cliente'","2025-03-22 22:16:32.000000"
"1964","7","compiló_cpp","Éxito en proyecto 7","2025-03-22 22:22:13.000000"
"1965","7","creó_clase","Clase 'Vehiculo' creada en el diagrama (cpp). Archivo generado en codigos_fuenteusuario_7proyecto_7Vehiculo.cpp","2025-03-22 22:30:09.000000"
"1966","7","creó_clase","Clase 'Gerente' creada en el diagrama (cpp). Archivo generado en codigos_fuenteusuario_7proyecto_7Gerente.cpp","2025-03-22 22:33:54.000000"
"1967","7","creó_clase","Clase 'CuentaAhorro' creada en el diagrama (cpp). Archivo generado en codigos_fuenteusuario_7proyecto_7CuentaAhorro.cpp","2025-03-22 22:38:50.000000"
"1968","7","modificó_método","Método 'setNombre()' de clase 'Auto': cuerpo actualizado en editor Monaco","2025-03-22 22:42:04.000000"
"1969","7","guardó_código","Archivo: codigos_fuenteusuario_7proyecto_7Estudiante.cpp","2025-03-22 22:44:07.000000"
"1970","7","creó_atributo","Atributo 'protected float precio' agregado a la clase 'Auto' en proyecto 7","2025-03-22 22:48:23.000000"
"1971","7","creó_método","Método 'String getPrecio()' agregado a la clase 'Nodo' en proyecto 7","2025-03-22 22:54:15.000000"
"1972","7","compiló_cpp","Fallo en proyecto 7. error: 'class' redefinition","2025-03-22 22:54:48.000000"
"1973","7","creó_clase","Clase 'ProductoFisico' creada en el diagrama (cpp). Archivo generado en codigos_fuenteusuario_7proyecto_7ProductoFisico.cpp","2025-03-22 22:55:51.000000"
"1974","7","creó_clase","Clase 'Poligono' creada en el diagrama (cpp). Archivo generado en codigos_fuenteusuario_7proyecto_7Poligono.cpp","2025-03-22 23:03:46.000000"
"1975","7","creó_clase","Clase 'Animal' creada en el diagrama (cpp). Archivo generado en codigos_fuenteusuario_7proyecto_7Animal.cpp","2025-03-22 23:08:27.000000"
"1976","7","modificó_herencia","Relación de herencia modificada: 'Nodo' ahora hereda de 'Moto' (antes diferente)","2025-03-22 23:09:32.000000"
"1977","7","eliminó_clase","Clase 'Profesor' eliminada del diagrama. Archivo físico removido del proyecto 7","2025-03-22 23:11:40.000000"
"1978","7","guardó_código","Archivo: codigos_fuenteusuario_7proyecto_7Poligono.cpp","2025-03-22 23:12:36.000000"
"1979","7","modificó_herencia","Relación de herencia modificada: 'Perro' ahora hereda de 'Figura' (antes diferente)","2025-03-22 23:18:30.000000"
"1980","7","cerró_sesión_inactividad","El sistema cerró la sesión por 10 min sin actividad. Usuario 7 en proyecto 7","2025-03-22 23:20:12.000000"
"1981","7","abrió_sesión","Usuario 7 inició sesión y abrió el proyecto 7","2025-03-27 21:43:00.000000"
"1982","7","modificó_método","Error de sintaxis al modificar método en 'Perro'","2025-03-27 21:45:29.000000"
"1983","7","modificó_clase","Clase 'Poligono' modificada: se actualizó el modificador de acceso a 'protected'","2025-03-27 21:51:09.000000"
"1984","7","eliminó_atributo","Atributo 'descripcion' eliminado de la clase 'ProductoFisico'","2025-03-27 21:55:47.000000"
"1985","7","estableció_herencia","Relación de herencia creada: 'Circulo' extiende a 'CuentaAhorro' en proyecto 7","2025-03-27 21:59:41.000000"
"1986","7","estableció_herencia","Relación de herencia creada: 'Poligono' extiende a 'Cola' en proyecto 7","2025-03-27 22:06:29.000000"
"1987","7","modificó_herencia","Error al modificar herencia: clase base 'Cola' no compatible","2025-03-27 22:12:12.000000"
"1988","7","guardó_código","Archivo: codigos_fuenteusuario_7proyecto_7CuentaBancaria.cpp","2025-03-27 22:19:28.000000"
"1989","7","creó_clase","Clase 'Persona' creada en el diagrama (cpp). Archivo generado en codigos_fuenteusuario_7proyecto_7Persona.cpp","2025-03-27 22:20:39.000000"
"1990","7","modificó_herencia","Relación de herencia modificada: 'Nodo' ahora hereda de 'Moto' (antes diferente)","2025-03-27 22:24:07.000000"
"1991","7","compiló_cpp","Fallo en proyecto 7. error: no matching function for call to 'obtenerNombre()'","2025-03-27 22:28:16.000000"
"1992","7","creó_método","Método 'double caminar()' agregado a la clase 'Forma' en proyecto 7","2025-03-27 22:32:49.000000"
"1993","7","eliminó_método","Método 'depositar()' eliminado de la clase 'Nodo'","2025-03-27 22:38:56.000000"
"1994","7","modificó_método","Método 'calcularPerimetro()' de clase 'Gato': cuerpo actualizado en editor Monaco","2025-03-27 22:46:44.000000"
"1995","7","creó_clase","Clase 'CuentaCorriente' creada en el diagrama (cpp). Archivo generado en codigos_fuenteusuario_7proyecto_7CuentaCorriente.cpp","2025-03-27 22:53:12.000000"
"1996","7","compiló_cpp","Éxito en proyecto 7","2025-03-27 22:54:33.000000"
"1997","7","modificó_clase","Clase 'ListaEnlazada' modificada: se actualizó el modificador de acceso a 'protected'","2025-03-27 23:01:18.000000"
"1998","7","compiló_cpp","Fallo en proyecto 7. error: no matching function for call to 'getEdad()'","2025-03-27 23:05:05.000000"
"1999","7","creó_método","Método 'boolean acelerar()' agregado a la clase 'Rectangulo' en proyecto 7","2025-03-27 23:08:05.000000"
"2000","7","modificó_método","Método 'frenar()' de clase 'Producto': cuerpo actualizado en editor Monaco","2025-03-27 23:13:45.000000"
"2001","7","modificó_herencia","Error al modificar herencia: clase base 'Moto' no compatible","2025-03-27 23:15:54.000000"
"2002","7","modificó_clase","Clase 'Nodo' modificada: se actualizó el modificador de acceso a 'protected'","2025-03-27 23:22:28.000000"
"2003","7","eliminó_clase","Error al eliminar clase 'Forma': tiene dependencias activas","2025-03-27 23:24:11.000000"
"2004","7","guardó_código","Archivo: codigos_fuenteusuario_7proyecto_7CuentaCorriente.cpp","2025-03-27 23:32:06.000000"
"2005","7","eliminó_atributo","Atributo 'kilometraje' eliminado de la clase 'Producto'","2025-03-27 23:37:02.000000"
"2006","7","eliminó_herencia","Relación de herencia eliminada entre 'Poligono' y 'Cola'","2025-03-27 23:45:00.000000"
"2007","7","modificó_atributo","Atributo 'base' de clase 'Poligono' modificado: tipo cambiado a 'float'","2025-03-27 23:50:22.000000"
"2008","7","creó_método","Método 'int setPrecio()' agregado a la clase 'Circulo' en proyecto 7","2025-03-27 23:57:33.000000"
"2009","7","compiló_cpp","Éxito en proyecto 7","2025-03-28 00:05:21.000000"
"2010","7","creó_atributo","Atributo 'protected char edad' agregado a la clase 'ProductoDigital' en proyecto 7","2025-03-28 00:11:57.000000"
"2011","7","modificó_método","Método 'calcularSalario()' de clase 'ListaEnlazada': cuerpo actualizado en editor Monaco","2025-03-28 00:16:45.000000"
"2012","7","modificó_atributo","Error: tipo incompatible al modificar atributo en 'Animal'","2025-03-28 00:17:31.000000"
"2013","7","guardó_código","Archivo: codigos_fuenteusuario_7proyecto_7Cliente.cpp","2025-03-28 00:19:06.000000"
"2014","7","guardó_código","Archivo: codigos_fuenteusuario_7proyecto_7Persona.cpp","2025-03-28 00:23:50.000000"
"2015","7","creó_clase","Clase 'Hexagono' creada en el diagrama (cpp). Archivo generado en codigos_fuenteusuario_7proyecto_7Hexagono.cpp","2025-03-28 00:31:07.000000"
"2016","7","eliminó_herencia","Relación de herencia eliminada entre 'Nodo' y 'Moto'","2025-03-28 00:32:21.000000"
"2017","7","eliminó_clase","Error al eliminar clase 'Moto': tiene dependencias activas","2025-03-28 00:35:25.000000"
"2018","7","creó_atributo","Atributo 'public int edad' agregado a la clase 'Estudiante' en proyecto 7","2025-03-28 00:43:01.000000"
"2019","7","creó_atributo","Atributo 'public char color' agregado a la clase 'ProductoFisico' en proyecto 7","2025-03-28 00:49:15.000000"
"2020","7","guardó_código","Archivo: codigos_fuenteusuario_7proyecto_7Cola.cpp","2025-03-28 00:54:25.000000"
"2021","7","guardó_código","Archivo: codigos_fuenteusuario_7proyecto_7Estudiante.cpp","2025-03-28 01:02:22.000000"
"2022","7","creó_atributo","Atributo 'public char velocidad' agregado a la clase 'Producto' en proyecto 7","2025-03-28 01:06:51.000000"
"2023","7","compiló_cpp","Fallo en proyecto 7. error: 'kilometraje' was not declared in this scope","2025-03-28 01:08:47.000000"
"2024","7","modificó_atributo","Atributo 'base' de clase 'CuentaCorriente' modificado: tipo cambiado a 'double'","2025-03-28 01:13:05.000000"
"2025","7","modificó_método","Método 'calcularPerimetro()' de clase 'ProductoFisico': cuerpo actualizado en editor Monaco","2025-03-28 01:14:34.000000"
"2026","7","creó_clase","Clase 'Pila' creada en el diagrama (cpp). Archivo generado en codigos_fuenteusuario_7proyecto_7Pila.cpp","2025-03-28 01:19:10.000000"
"2027","7","guardó_código","Archivo: codigos_fuenteusuario_7proyecto_7Gato.cpp","2025-03-28 01:25:19.000000"
"2028","7","creó_método","Método 'void acelerar()' agregado a la clase 'Gerente' en proyecto 7","2025-03-28 01:30:25.000000"
"2029","7","creó_método","Método 'double setEdad()' agregado a la clase 'Hexagono' en proyecto 7","2025-03-28 01:32:58.000000"
"2030","7","creó_método","Método 'boolean calcularArea()' agregado a la clase 'Rectangulo' en proyecto 7","2025-03-28 01:35:32.000000"
"2031","7","creó_atributo","Atributo 'public boolean base' agregado a la clase 'Moto' en proyecto 7","2025-03-28 01:37:50.000000"
"2032","7","compiló_cpp","Éxito en proyecto 7","2025-03-28 01:39:47.000000"
"2033","7","compiló_cpp","Éxito en proyecto 7","2025-03-28 01:46:42.000000"
"2034","7","compiló_cpp","Éxito en proyecto 7","2025-03-28 01:52:49.000000"
"2035","7","guardó_código","Archivo: codigos_fuenteusuario_7proyecto_7CuentaCorriente.cpp","2025-03-28 01:59:17.000000"
"2036","7","estableció_herencia","Relación de herencia creada: 'ProductoFisico' extiende a 'Moto' en proyecto 7","2025-03-28 02:00:32.000000"
"2037","7","creó_método","Método 'void calcularPerimetro()' agregado a la clase 'Auto' en proyecto 7","2025-03-28 02:01:56.000000"
"2038","7","creó_método","Método 'boolean calcularArea()' agregado a la clase 'ProductoDigital' en proyecto 7","2025-03-28 02:06:08.000000"
"2039","7","compiló_cpp","Éxito en proyecto 7","2025-03-28 02:12:44.000000"
"2040","7","creó_método","Método 'int validar()' agregado a la clase 'Estudiante' en proyecto 7","2025-03-28 02:13:28.000000"
"2041","7","eliminó_herencia","Relación de herencia eliminada entre 'ProductoFisico' y 'Moto'","2025-03-28 02:15:20.000000"
"2042","7","creó_clase","Clase 'Triangulo' creada en el diagrama (cpp). Archivo generado en codigos_fuenteusuario_7proyecto_7Triangulo.cpp","2025-03-28 02:18:37.000000"
"2043","7","modificó_método","Método 'inicializar()' de clase 'Rectangulo': cuerpo actualizado en editor Monaco","2025-03-28 02:22:23.000000"
"2044","7","eliminó_clase","Error al eliminar clase 'Gato': tiene dependencias activas","2025-03-28 02:29:25.000000"
"2045","7","creó_método","Método 'void setPrecio()' agregado a la clase 'Figura' en proyecto 7","2025-03-28 02:32:18.000000"
"2046","7","compiló_cpp","Éxito en proyecto 7","2025-03-28 02:34:40.000000"
"2047","7","cerró_sesión_inactividad","El sistema cerró la sesión por 10 min sin actividad. Usuario 7 en proyecto 7","2025-03-28 02:41:18.000000"
"2048","8","abrió_sesión","Usuario 8 inició sesión y abrió el proyecto 8","2025-03-01 18:46:00.000000"
"2049","8","creó_clase","Clase 'Empleado' creada en el diagrama (cpp). Archivo generado en codigos_fuenteusuario_8proyecto_8Empleado.cpp","2025-03-01 18:47:08.000000"
"2050","8","modificó_método","Método 'calcularPerimetro()' de clase 'Empleado': cuerpo actualizado en editor Monaco","2025-03-01 18:52:19.000000"
"2051","8","modificó_clase","Clase 'Empleado' modificada: se actualizó el modificador de acceso a 'private'","2025-03-01 18:54:59.000000"
"2052","8","creó_clase","Clase 'Profesor' creada en el diagrama (cpp). Archivo generado en codigos_fuenteusuario_8proyecto_8Profesor.cpp","2025-03-01 18:57:42.000000"
"2053","8","modificó_atributo","Atributo 'edad' de clase 'Profesor' modificado: tipo cambiado a 'String'","2025-03-01 19:01:27.000000"
"2054","8","estableció_herencia","Relación de herencia creada: 'Empleado' extiende a 'Profesor' en proyecto 8","2025-03-01 19:07:29.000000"
"2055","8","creó_atributo","Atributo 'public char nombre' agregado a la clase 'Profesor' en proyecto 8","2025-03-01 19:09:22.000000"
"2056","8","modificó_método","Método 'inicializar()' de clase 'Empleado': cuerpo actualizado en editor Monaco","2025-03-01 19:13:16.000000"
"2057","8","creó_clase","Clase 'Pila' creada en el diagrama (cpp). Archivo generado en codigos_fuenteusuario_8proyecto_8Pila.cpp","2025-03-01 19:17:39.000000"
"2058","8","eliminó_clase","Clase 'Empleado' eliminada del diagrama. Archivo físico removido del proyecto 8","2025-03-01 19:18:51.000000"
"2059","8","modificó_método","Método 'hablar()' de clase 'Pila': cuerpo actualizado en editor Monaco","2025-03-01 19:21:31.000000"
"2060","8","modificó_atributo","Atributo 'lados' de clase 'Pila' modificado: tipo cambiado a 'boolean'","2025-03-01 19:27:47.000000"
"2061","8","guardó_código","Archivo: codigos_fuenteusuario_8proyecto_8Profesor.cpp","2025-03-01 19:31:54.000000"
"2062","8","estableció_herencia","Error: herencia circular detectada entre 'Profesor' y 'Pila'","2025-03-01 19:38:19.000000"
"2063","8","creó_clase","Error al crear clase 'Persona': nombre duplicado en proyecto 8","2025-03-01 19:40:02.000000"
"2064","8","creó_método","Método 'boolean frenar()' agregado a la clase 'Profesor' en proyecto 8","2025-03-01 19:45:06.000000"
"2065","8","eliminó_método","Método 'toString()' eliminado de la clase 'Pila'","2025-03-01 19:47:20.000000"
"2066","8","modificó_atributo","Atributo 'kilometraje' de clase 'Profesor' modificado: tipo cambiado a 'boolean'","2025-03-01 19:48:26.000000"
"2067","8","creó_atributo","Atributo 'protected char nombre' agregado a la clase 'Profesor' en proyecto 8","2025-03-01 19:54:18.000000"
"2068","8","guardó_código","Archivo: codigos_fuenteusuario_8proyecto_8Pila.cpp","2025-03-01 20:01:03.000000"
"2069","8","creó_método","Error: firma duplicada al crear método en 'Profesor'","2025-03-01 20:03:50.000000"
"2070","8","guardó_código","Archivo: codigos_fuenteusuario_8proyecto_8Profesor.cpp","2025-03-01 20:09:44.000000"
"2071","8","compiló_cpp","Éxito en proyecto 8","2025-03-01 20:16:10.000000"
"2072","8","creó_atributo","Atributo 'protected int radio' agregado a la clase 'Profesor' en proyecto 8","2025-03-01 20:22:10.000000"
"2073","8","compiló_cpp","Fallo en proyecto 8. error: no matching function for call to 'frenar()'","2025-03-01 20:24:18.000000"
"2074","8","guardó_código","Archivo: codigos_fuenteusuario_8proyecto_8Pila.cpp","2025-03-01 20:30:53.000000"
"2075","8","creó_clase","Clase 'ProductoDigital' creada en el diagrama (cpp). Archivo generado en codigos_fuenteusuario_8proyecto_8ProductoDigital.cpp","2025-03-01 20:34:33.000000"
"2076","8","compiló_cpp","Fallo en proyecto 8. error: 'anio' was not declared in this scope","2025-03-01 20:39:51.000000"
"2077","8","compiló_cpp","Fallo en proyecto 8. error: 'edad' was not declared in this scope","2025-03-01 20:45:57.000000"
"2078","8","modificó_atributo","Atributo 'altura' de clase 'ProductoDigital' modificado: tipo cambiado a 'int'","2025-03-01 20:51:58.000000"
"2079","8","compiló_cpp","Éxito en proyecto 8","2025-03-01 20:59:28.000000"
"2080","8","creó_clase","Clase 'Circulo' creada en el diagrama (cpp). Archivo generado en codigos_fuenteusuario_8proyecto_8Circulo.cpp","2025-03-01 21:04:19.000000"
"2081","8","creó_método","Error: firma duplicada al crear método en 'Profesor'","2025-03-01 21:09:58.000000"
"2082","8","modificó_clase","Clase 'Circulo' modificada: se actualizó el modificador de acceso a 'public'","2025-03-01 21:11:51.000000"
"2083","8","guardó_código","Archivo: codigos_fuenteusuario_8proyecto_8ProductoDigital.cpp","2025-03-01 21:15:55.000000"
"2084","8","creó_atributo","Atributo 'protected boolean velocidad' agregado a la clase 'Circulo' en proyecto 8","2025-03-01 21:23:25.000000"
"2085","8","estableció_herencia","Relación de herencia creada: 'Profesor' extiende a 'Circulo' en proyecto 8","2025-03-01 21:25:13.000000"
"2086","8","creó_clase","Clase 'Cola' creada en el diagrama (cpp). Archivo generado en codigos_fuenteusuario_8proyecto_8Cola.cpp","2025-03-01 21:28:24.000000"
"2087","8","guardó_código","Archivo: codigos_fuenteusuario_8proyecto_8Pila.cpp","2025-03-01 21:35:37.000000"
"2088","8","creó_atributo","Atributo 'public String edad' agregado a la clase 'Pila' en proyecto 8","2025-03-01 21:39:49.000000"
"2089","8","modificó_herencia","Relación de herencia modificada: 'Profesor' ahora hereda de 'Circulo' (antes diferente)","2025-03-01 21:43:33.000000"
"2090","8","creó_método","Método 'int setPrecio()' agregado a la clase 'Circulo' en proyecto 8","2025-03-01 21:44:16.000000"
"2091","8","eliminó_método","Método 'caminar()' eliminado de la clase 'ProductoDigital'","2025-03-01 21:49:55.000000"
"2092","8","eliminó_atributo","Atributo 'base' eliminado de la clase 'Cola'","2025-03-01 21:52:31.000000"
"2093","8","modificó_clase","Clase 'Pila' modificada: se actualizó el modificador de acceso a 'public'","2025-03-01 21:53:40.000000"
"2094","8","modificó_clase","Clase 'Pila' modificada: se actualizó el modificador de acceso a 'protected'","2025-03-01 21:56:28.000000"
"2095","8","creó_clase","Clase 'Cliente' creada en el diagrama (cpp). Archivo generado en codigos_fuenteusuario_8proyecto_8Cliente.cpp","2025-03-01 21:58:01.000000"
"2096","8","eliminó_atributo","Atributo 'codigo' eliminado de la clase 'Cola'","2025-03-01 22:03:03.000000"
"2097","8","creó_método","Método 'boolean transferir()' agregado a la clase 'ProductoDigital' en proyecto 8","2025-03-01 22:04:29.000000"
"2098","8","eliminó_atributo","Atributo 'precio' eliminado de la clase 'Pila'","2025-03-01 22:10:49.000000"
"2099","8","compiló_cpp","Fallo en proyecto 8. error: 'class' redefinition","2025-03-01 22:15:59.000000"
"2100","8","modificó_atributo","Atributo 'altura' de clase 'Pila' modificado: tipo cambiado a 'boolean'","2025-03-01 22:19:57.000000"
"2101","8","guardó_código","Archivo: codigos_fuenteusuario_8proyecto_8Cola.cpp","2025-03-01 22:21:00.000000"
"2102","8","modificó_método","Método 'calcularPerimetro()' de clase 'Cola': cuerpo actualizado en editor Monaco","2025-03-01 22:24:18.000000"
"2103","8","creó_atributo","Atributo 'protected String saldo' agregado a la clase 'Pila' en proyecto 8","2025-03-01 22:30:15.000000"
"2104","8","modificó_método","Método 'setNombre()' de clase 'Profesor': cuerpo actualizado en editor Monaco","2025-03-01 22:31:30.000000"
"2105","8","creó_atributo","Atributo 'private String anio' agregado a la clase 'Circulo' en proyecto 8","2025-03-01 22:35:05.000000"
"2106","8","modificó_atributo","Atributo 'lados' de clase 'ProductoDigital' modificado: tipo cambiado a 'int'","2025-03-01 22:38:25.000000"
"2107","8","modificó_clase","Clase 'ProductoDigital' modificada: se actualizó el modificador de acceso a 'private'","2025-03-01 22:45:33.000000"
"2108","8","creó_atributo","Atributo 'private String edad' agregado a la clase 'Cliente' en proyecto 8","2025-03-01 22:48:22.000000"
"2109","8","creó_clase","Clase 'Hexagono' creada en el diagrama (cpp). Archivo generado en codigos_fuenteusuario_8proyecto_8Hexagono.cpp","2025-03-01 22:50:06.000000"
"2110","8","modificó_atributo","Error: tipo incompatible al modificar atributo en 'ProductoDigital'","2025-03-01 22:58:00.000000"
"2111","8","modificó_atributo","Atributo 'cargo' de clase 'Profesor' modificado: tipo cambiado a 'double'","2025-03-01 23:05:18.000000"
"2112","8","cerró_sesión_inactividad","El sistema cerró la sesión por 10 min sin actividad. Usuario 8 en proyecto 8","2025-03-01 23:07:43.000000"
"2113","8","abrió_sesión","Usuario 8 inició sesión y abrió el proyecto 8","2025-03-19 02:00:00.000000"
"2114","8","modificó_herencia","Error al modificar herencia: clase base 'Circulo' no compatible","2025-03-19 02:07:04.000000"
"2115","8","guardó_código","Archivo: codigos_fuenteusuario_8proyecto_8Cliente.cpp","2025-03-19 02:14:55.000000"
"2116","8","creó_atributo","Atributo 'private int departamento' agregado a la clase 'Hexagono' en proyecto 8","2025-03-19 02:16:31.000000"
"2117","8","eliminó_método","Método 'caminar()' eliminado de la clase 'Circulo'","2025-03-19 02:19:50.000000"
"2118","8","creó_método","Método 'int obtenerNombre()' agregado a la clase 'Circulo' en proyecto 8","2025-03-19 02:23:24.000000"
"2119","8","guardó_código","Archivo: codigos_fuenteusuario_8proyecto_8Cola.cpp","2025-03-19 02:30:13.000000"
"2120","8","creó_clase","Clase 'CuentaCorriente' creada en el diagrama (cpp). Archivo generado en codigos_fuenteusuario_8proyecto_8CuentaCorriente.cpp","2025-03-19 02:37:37.000000"
"2121","8","creó_atributo","Atributo 'private boolean precio' agregado a la clase 'Cola' en proyecto 8","2025-03-19 02:41:12.000000"
"2122","8","guardó_código","Archivo: codigos_fuenteusuario_8proyecto_8ProductoDigital.cpp","2025-03-19 02:48:02.000000"
"2123","8","creó_atributo","Atributo 'protected String precio' agregado a la clase 'Circulo' en proyecto 8","2025-03-19 02:55:10.000000"
"2124","8","modificó_método","Método 'consultarSaldo()' de clase 'Profesor': cuerpo actualizado en editor Monaco","2025-03-19 03:00:41.000000"
"2125","8","creó_clase","Clase 'Figura' creada en el diagrama (cpp). Archivo generado en codigos_fuenteusuario_8proyecto_8Figura.cpp","2025-03-19 03:05:41.000000"
"2126","8","creó_atributo","Error: tipo de dato no reconocido en atributo de 'Cliente'","2025-03-19 03:11:20.000000"
"2127","8","guardó_código","Archivo: codigos_fuenteusuario_8proyecto_8Figura.cpp","2025-03-19 03:15:00.000000"
"2128","8","creó_atributo","Atributo 'public int descripcion' agregado a la clase 'ProductoDigital' en proyecto 8","2025-03-19 03:17:31.000000"
"2129","8","compiló_cpp","Éxito en proyecto 8","2025-03-19 03:23:33.000000"
"2130","8","guardó_código","Archivo: codigos_fuenteusuario_8proyecto_8Cola.cpp","2025-03-19 03:26:24.000000"
"2131","8","creó_método","Error: firma duplicada al crear método en 'Profesor'","2025-03-19 03:28:41.000000"
"2132","8","eliminó_atributo","Atributo 'anio' eliminado de la clase 'Pila'","2025-03-19 03:34:10.000000"
"2133","8","compiló_cpp","Éxito en proyecto 8","2025-03-19 03:37:56.000000"
"2134","8","guardó_código","Archivo: codigos_fuenteusuario_8proyecto_8Figura.cpp","2025-03-19 03:39:10.000000"
"2135","8","guardó_código","Archivo: codigos_fuenteusuario_8proyecto_8CuentaCorriente.cpp","2025-03-19 03:40:34.000000"
"2136","8","guardó_código","Archivo: codigos_fuenteusuario_8proyecto_8Cola.cpp","2025-03-19 03:42:10.000000"
"2137","8","modificó_clase","Clase 'Hexagono' modificada: se actualizó el modificador de acceso a 'protected'","2025-03-19 03:48:02.000000"
"2138","8","creó_atributo","Error: tipo de dato no reconocido en atributo de 'Hexagono'","2025-03-19 03:54:52.000000"
"2139","8","creó_método","Método 'int retirar()' agregado a la clase 'Pila' en proyecto 8","2025-03-19 04:00:30.000000"
"2140","8","modificó_herencia","Relación de herencia modificada: 'Profesor' ahora hereda de 'Circulo' (antes diferente)","2025-03-19 04:02:01.000000"
"2141","8","creó_atributo","Error: tipo de dato no reconocido en atributo de 'Profesor'","2025-03-19 04:02:52.000000"
"2142","8","eliminó_clase","Clase 'Circulo' eliminada del diagrama. Archivo físico removido del proyecto 8","2025-03-19 04:08:22.000000"
"2143","8","creó_atributo","Atributo 'private float anio' agregado a la clase 'Pila' en proyecto 8","2025-03-19 04:14:27.000000"
"2144","8","eliminó_clase","Clase 'Profesor' eliminada del diagrama. Archivo físico removido del proyecto 8","2025-03-19 04:21:55.000000"
"2145","8","creó_atributo","Atributo 'private char nombre' agregado a la clase 'Cliente' en proyecto 8","2025-03-19 04:24:02.000000"
"2146","8","guardó_código","Archivo: codigos_fuenteusuario_8proyecto_8ProductoDigital.cpp","2025-03-19 04:26:10.000000"
"2147","8","guardó_código","Archivo: codigos_fuenteusuario_8proyecto_8Pila.cpp","2025-03-19 04:32:40.000000"
"2148","8","creó_método","Método 'void obtenerNombre()' agregado a la clase 'CuentaCorriente' en proyecto 8","2025-03-19 04:36:58.000000"
"2149","8","eliminó_clase","Clase 'Cola' eliminada del diagrama. Archivo físico removido del proyecto 8","2025-03-19 04:38:18.000000"
"2150","8","guardó_código","Archivo: codigos_fuenteusuario_8proyecto_8Pila.cpp","2025-03-19 04:39:26.000000"
"2151","8","eliminó_atributo","Atributo 'velocidad' eliminado de la clase 'Hexagono'","2025-03-19 04:44:35.000000"
"2152","8","creó_atributo","Atributo 'public boolean edad' agregado a la clase 'Cliente' en proyecto 8","2025-03-19 04:50:21.000000"
"2153","8","creó_método","Método 'void setNombre()' agregado a la clase 'Cliente' en proyecto 8","2025-03-19 04:53:46.000000"
"2154","8","guardó_código","Archivo: codigos_fuenteusuario_8proyecto_8CuentaCorriente.cpp","2025-03-19 04:56:50.000000"
"2155","8","compiló_cpp","Éxito en proyecto 8","2025-03-19 05:03:31.000000"
"2156","8","compiló_cpp","Éxito en proyecto 8","2025-03-19 05:08:03.000000"
"2157","8","creó_atributo","Atributo 'public String codigo' agregado a la clase 'Hexagono' en proyecto 8","2025-03-19 05:15:02.000000"
"2158","8","modificó_método","Método 'calcularPerimetro()' de clase 'Hexagono': cuerpo actualizado en editor Monaco","2025-03-19 05:17:15.000000"
"2159","8","modificó_clase","Clase 'Hexagono' modificada: se actualizó el modificador de acceso a 'public'","2025-03-19 05:22:18.000000"
"2160","8","creó_atributo","Atributo 'private double altura' agregado a la clase 'Cliente' en proyecto 8","2025-03-19 05:28:57.000000"
"2161","8","creó_método","Método 'String obtenerInfo()' agregado a la clase 'Pila' en proyecto 8","2025-03-19 05:30:45.000000"
"2162","8","guardó_código","Archivo: codigos_fuenteusuario_8proyecto_8CuentaCorriente.cpp","2025-03-19 05:31:37.000000"
"2163","8","modificó_clase","Clase 'Hexagono' modificada: se actualizó el modificador de acceso a 'private'","2025-03-19 05:33:12.000000"
"2164","8","eliminó_método","Método 'calcularPerimetro()' eliminado de la clase 'CuentaCorriente'","2025-03-19 05:35:20.000000"
"2165","8","compiló_cpp","Éxito en proyecto 8","2025-03-19 05:39:24.000000"
"2166","8","eliminó_método","Método 'calcularArea()' eliminado de la clase 'Cliente'","2025-03-19 05:44:35.000000"
"2167","8","compiló_cpp","Fallo en proyecto 8. error: no matching function for call to 'depositar()'","2025-03-19 05:51:09.000000"
"2168","8","creó_atributo","Atributo 'private int cargo' agregado a la clase 'ProductoDigital' en proyecto 8","2025-03-19 05:53:48.000000"
"2169","8","creó_atributo","Atributo 'protected int color' agregado a la clase 'CuentaCorriente' en proyecto 8","2025-03-19 06:01:47.000000"
"2170","8","guardó_código","Archivo: codigos_fuenteusuario_8proyecto_8ProductoDigital.cpp","2025-03-19 06:08:45.000000"
"2171","8","creó_atributo","Atributo 'protected char cargo' agregado a la clase 'Hexagono' en proyecto 8","2025-03-19 06:16:31.000000"
"2172","8","eliminó_método","Método 'setEdad()' eliminado de la clase 'CuentaCorriente'","2025-03-19 06:24:14.000000"
"2173","8","creó_atributo","Atributo 'protected boolean matricula' agregado a la clase 'ProductoDigital' en proyecto 8","2025-03-19 06:29:30.000000"
"2174","8","creó_método","Método 'boolean calcularArea()' agregado a la clase 'CuentaCorriente' en proyecto 8","2025-03-19 06:32:57.000000"
"2175","8","creó_atributo","Atributo 'private char tasa' agregado a la clase 'Figura' en proyecto 8","2025-03-19 06:36:34.000000"
"2176","8","creó_atributo","Atributo 'public double nombre' agregado a la clase 'ProductoDigital' en proyecto 8","2025-03-19 06:40:53.000000"
"2177","8","estableció_herencia","Error: herencia circular detectada entre 'ProductoDigital' y 'Pila'","2025-03-19 06:46:45.000000"
"2178","8","compiló_cpp","Fallo en proyecto 8. error: 'class' redefinition","2025-03-19 06:53:22.000000"
"2179","8","compiló_cpp","Éxito en proyecto 8","2025-03-19 06:54:52.000000"
"2180","8","guardó_código","Archivo: codigos_fuenteusuario_8proyecto_8Hexagono.cpp","2025-03-19 06:59:05.000000"
"2181","8","creó_clase","Clase 'Auto' creada en el diagrama (cpp). Archivo generado en codigos_fuenteusuario_8proyecto_8Auto.cpp","2025-03-19 07:00:09.000000"
"2182","8","modificó_método","Método 'obtenerNombre()' de clase 'Figura': cuerpo actualizado en editor Monaco","2025-03-19 07:04:46.000000"
"2183","8","estableció_herencia","Relación de herencia creada: 'Pila' extiende a 'Cliente' en proyecto 8","2025-03-19 07:08:50.000000"
"2184","8","creó_método","Método 'int getEdad()' agregado a la clase 'Figura' en proyecto 8","2025-03-19 07:13:48.000000"
"2185","8","modificó_clase","Clase 'Pila' modificada: se actualizó el modificador de acceso a 'public'","2025-03-19 07:18:35.000000"
"2186","8","creó_clase","Clase 'Triangulo' creada en el diagrama (cpp). Archivo generado en codigos_fuenteusuario_8proyecto_8Triangulo.cpp","2025-03-19 07:25:49.000000"
"2187","8","modificó_atributo","Atributo 'departamento' de clase 'Cliente' modificado: tipo cambiado a 'double'","2025-03-19 07:26:30.000000"
"2188","8","creó_atributo","Atributo 'private char anio' agregado a la clase 'Triangulo' en proyecto 8","2025-03-19 07:28:25.000000"
"2189","8","modificó_clase","Clase 'CuentaCorriente' modificada: se actualizó el modificador de acceso a 'protected'","2025-03-19 07:34:01.000000"
"2190","8","creó_método","Método 'void retirar()' agregado a la clase 'Pila' en proyecto 8","2025-03-19 07:36:51.000000"
"2191","8","compiló_cpp","Éxito en proyecto 8","2025-03-19 07:43:17.000000"
"2192","8","creó_método","Método 'boolean inicializar()' agregado a la clase 'Triangulo' en proyecto 8","2025-03-19 07:44:53.000000"
"2193","8","cerró_sesión_inactividad","El sistema cerró la sesión por 10 min sin actividad. Usuario 8 en proyecto 8","2025-03-19 07:47:51.000000"
"2194","8","abrió_sesión","Usuario 8 inició sesión y abrió el proyecto 8","2025-04-13 18:17:00.000000"
"2195","8","modificó_método","Método 'caminar()' de clase 'Figura': cuerpo actualizado en editor Monaco","2025-04-13 18:21:57.000000"
"2196","8","creó_clase","Clase 'Circulo' creada en el diagrama (cpp). Archivo generado en codigos_fuenteusuario_8proyecto_8Circulo.cpp","2025-04-13 18:25:40.000000"
"2197","8","guardó_código","Archivo: codigos_fuenteusuario_8proyecto_8Hexagono.cpp","2025-04-13 18:27:14.000000"
"2198","8","creó_clase","Clase 'Forma' creada en el diagrama (cpp). Archivo generado en codigos_fuenteusuario_8proyecto_8Forma.cpp","2025-04-13 18:34:04.000000"
"2199","8","creó_clase","Clase 'Estudiante' creada en el diagrama (cpp). Archivo generado en codigos_fuenteusuario_8proyecto_8Estudiante.cpp","2025-04-13 18:36:22.000000"
"2200","8","creó_clase","Clase 'Animal' creada en el diagrama (cpp). Archivo generado en codigos_fuenteusuario_8proyecto_8Animal.cpp","2025-04-13 18:40:17.000000"
"2201","8","guardó_código","Archivo: codigos_fuenteusuario_8proyecto_8CuentaCorriente.cpp","2025-04-13 18:46:03.000000"
"2202","8","modificó_método","Método 'acelerar()' de clase 'Hexagono': cuerpo actualizado en editor Monaco","2025-04-13 18:47:01.000000"
"2203","8","eliminó_herencia","Relación de herencia eliminada entre 'Pila' y 'Cliente'","2025-04-13 18:49:23.000000"
"2204","8","creó_clase","Clase 'CuentaBancaria' creada en el diagrama (cpp). Archivo generado en codigos_fuenteusuario_8proyecto_8CuentaBancaria.cpp","2025-04-13 18:53:13.000000"
"2205","8","creó_clase","Clase 'Producto' creada en el diagrama (cpp). Archivo generado en codigos_fuenteusuario_8proyecto_8Producto.cpp","2025-04-13 18:55:17.000000"
"2206","8","modificó_atributo","Atributo 'base' de clase 'Auto' modificado: tipo cambiado a 'double'","2025-04-13 19:02:48.000000"
"2207","8","modificó_método","Método 'toString()' de clase 'Cliente': cuerpo actualizado en editor Monaco","2025-04-13 19:09:39.000000"
"2208","8","modificó_atributo","Atributo 'color' de clase 'Animal' modificado: tipo cambiado a 'int'","2025-04-13 19:14:55.000000"
"2209","8","eliminó_método","Método 'setNombre()' eliminado de la clase 'Forma'","2025-04-13 19:20:34.000000"
"2210","8","modificó_clase","Clase 'CuentaCorriente' modificada: se actualizó el modificador de acceso a 'public'","2025-04-13 19:28:14.000000"
"2211","8","creó_clase","Clase 'Gerente' creada en el diagrama (cpp). Archivo generado en codigos_fuenteusuario_8proyecto_8Gerente.cpp","2025-04-13 19:29:23.000000"
"2212","8","modificó_método","Método 'setPrecio()' de clase 'CuentaBancaria': cuerpo actualizado en editor Monaco","2025-04-13 19:36:51.000000"
"2213","8","estableció_herencia","Error: herencia circular detectada entre 'Forma' y 'Circulo'","2025-04-13 19:43:15.000000"
"2214","8","creó_método","Error: firma duplicada al crear método en 'Forma'","2025-04-13 19:47:44.000000"
"2215","8","cerró_sesión_inactividad","El sistema cerró la sesión por 10 min sin actividad. Usuario 8 en proyecto 8","2025-04-13 19:52:18.000000"
"2216","8","abrió_sesión","Usuario 8 inició sesión y abrió el proyecto 8","2025-04-17 21:18:00.000000"
"2217","8","modificó_atributo","Atributo 'codigo' de clase 'Forma' modificado: tipo cambiado a 'float'","2025-04-17 21:23:49.000000"
"2218","8","compiló_cpp","Fallo en proyecto 8. error: no matching function for call to 'calcularSalario()'","2025-04-17 21:31:37.000000"
"2219","8","compiló_cpp","Fallo en proyecto 8. error: 'class' redefinition","2025-04-17 21:35:47.000000"
"2220","8","modificó_atributo","Error: tipo incompatible al modificar atributo en 'Circulo'","2025-04-17 21:36:37.000000"
"2221","8","creó_clase","Clase 'ProductoFisico' creada en el diagrama (cpp). Archivo generado en codigos_fuenteusuario_8proyecto_8ProductoFisico.cpp","2025-04-17 21:43:11.000000"
"2222","8","modificó_método","Método 'depositar()' de clase 'Triangulo': cuerpo actualizado en editor Monaco","2025-04-17 21:50:17.000000"
"2223","8","guardó_código","Archivo: codigos_fuenteusuario_8proyecto_8Hexagono.cpp","2025-04-17 21:56:36.000000"
"2224","8","creó_método","Error: firma duplicada al crear método en 'Figura'","2025-04-17 22:00:24.000000"
"2225","8","creó_atributo","Atributo 'protected double peso' agregado a la clase 'Triangulo' en proyecto 8","2025-04-17 22:02:56.000000"
"2226","8","creó_método","Error: firma duplicada al crear método en 'Gerente'","2025-04-17 22:05:12.000000"
"2227","8","modificó_clase","Clase 'Gerente' modificada: se actualizó el modificador de acceso a 'public'","2025-04-17 22:10:54.000000"
"2228","8","eliminó_atributo","Atributo 'descripcion' eliminado de la clase 'CuentaBancaria'","2025-04-17 22:16:34.000000"
"2229","8","creó_atributo","Error: tipo de dato no reconocido en atributo de 'Cliente'","2025-04-17 22:17:42.000000"
"2230","8","guardó_código","Archivo: codigos_fuenteusuario_8proyecto_8ProductoFisico.cpp","2025-04-17 22:19:30.000000"
"2231","8","modificó_clase","Clase 'ProductoFisico' modificada: se actualizó el modificador de acceso a 'protected'","2025-04-17 22:24:50.000000"
"2232","8","estableció_herencia","Relación de herencia creada: 'Animal' extiende a 'CuentaCorriente' en proyecto 8","2025-04-17 22:30:41.000000"
"2233","8","eliminó_herencia","Relación de herencia eliminada entre 'Animal' y 'CuentaCorriente'","2025-04-17 22:35:25.000000"
"2234","8","eliminó_atributo","Error al eliminar atributo: no encontrado en 'Animal'","2025-04-17 22:36:44.000000"
"2235","8","creó_clase","Clase 'Poligono' creada en el diagrama (cpp). Archivo generado en codigos_fuenteusuario_8proyecto_8Poligono.cpp","2025-04-17 22:44:06.000000"
"2236","8","guardó_código","Archivo: codigos_fuenteusuario_8proyecto_8Producto.cpp","2025-04-17 22:44:43.000000"
"2237","8","creó_clase","Clase 'Gato' creada en el diagrama (cpp). Archivo generado en codigos_fuenteusuario_8proyecto_8Gato.cpp","2025-04-17 22:46:26.000000"
"2238","8","guardó_código","Archivo: codigos_fuenteusuario_8proyecto_8Cliente.cpp","2025-04-17 22:53:28.000000"
"2239","8","compiló_cpp","Éxito en proyecto 8","2025-04-17 23:01:23.000000"
"2240","8","guardó_código","Archivo: codigos_fuenteusuario_8proyecto_8Circulo.cpp","2025-04-17 23:04:31.000000"
"2241","8","creó_clase","Clase 'Profesor' creada en el diagrama (cpp). Archivo generado en codigos_fuenteusuario_8proyecto_8Profesor.cpp","2025-04-17 23:09:41.000000"
"2242","8","modificó_clase","Clase 'Forma' modificada: se actualizó el modificador de acceso a 'private'","2025-04-17 23:17:35.000000"
"2243","8","modificó_atributo","Atributo 'velocidad' de clase 'ProductoFisico' modificado: tipo cambiado a 'float'","2025-04-17 23:24:53.000000"
"2244","8","compiló_cpp","Éxito en proyecto 8","2025-04-17 23:32:03.000000"
"2245","8","creó_método","Error: firma duplicada al crear método en 'Pila'","2025-04-17 23:33:17.000000"
"2246","8","creó_clase","Clase 'Cola' creada en el diagrama (cpp). Archivo generado en codigos_fuenteusuario_8proyecto_8Cola.cpp","2025-04-17 23:38:02.000000"
"2247","8","creó_atributo","Error: tipo de dato no reconocido en atributo de 'CuentaCorriente'","2025-04-17 23:39:20.000000"
"2248","8","creó_clase","Error al crear clase 'CuentaAhorro': nombre duplicado en proyecto 8","2025-04-17 23:43:42.000000"
"2249","8","compiló_cpp","Éxito en proyecto 8","2025-04-17 23:46:52.000000"
"2250","8","guardó_código","Archivo: codigos_fuenteusuario_8proyecto_8Producto.cpp","2025-04-17 23:48:48.000000"
"2251","8","estableció_herencia","Relación de herencia creada: 'ProductoFisico' extiende a 'CuentaCorriente' en proyecto 8","2025-04-17 23:51:49.000000"
"2252","8","modificó_clase","Clase 'Profesor' modificada: se actualizó el modificador de acceso a 'public'","2025-04-17 23:53:41.000000"
"2253","8","eliminó_clase","Clase 'Figura' eliminada del diagrama. Archivo físico removido del proyecto 8","2025-04-17 23:54:45.000000"
"2254","8","creó_atributo","Error: tipo de dato no reconocido en atributo de 'Triangulo'","2025-04-17 23:57:38.000000"
"2255","8","modificó_herencia","Error al modificar herencia: clase base 'CuentaCorriente' no compatible","2025-04-18 00:03:03.000000"
"2256","8","creó_atributo","Atributo 'protected char altura' agregado a la clase 'Pila' en proyecto 8","2025-04-18 00:06:39.000000"
"2257","8","creó_atributo","Atributo 'public float matricula' agregado a la clase 'ProductoFisico' en proyecto 8","2025-04-18 00:10:09.000000"
"2258","8","modificó_clase","Clase 'Animal' modificada: se actualizó el modificador de acceso a 'private'","2025-04-18 00:11:24.000000"
"2259","8","guardó_código","Archivo: codigos_fuenteusuario_8proyecto_8CuentaBancaria.cpp","2025-04-18 00:12:30.000000"
"2260","8","creó_método","Método 'double getPrecio()' agregado a la clase 'Auto' en proyecto 8","2025-04-18 00:14:31.000000"
"2261","8","eliminó_clase","Error al eliminar clase 'Hexagono': tiene dependencias activas","2025-04-18 00:21:04.000000"
"2262","8","creó_clase","Clase 'Perro' creada en el diagrama (cpp). Archivo generado en codigos_fuenteusuario_8proyecto_8Perro.cpp","2025-04-18 00:28:09.000000"
"2263","8","modificó_clase","Clase 'Gerente' modificada: se actualizó el modificador de acceso a 'protected'","2025-04-18 00:32:34.000000"
"2264","8","modificó_clase","Clase 'Profesor' modificada: se actualizó el modificador de acceso a 'protected'","2025-04-18 00:35:16.000000"
"2265","8","modificó_método","Error de sintaxis al modificar método en 'ProductoDigital'","2025-04-18 00:39:48.000000"
"2266","8","guardó_código","Archivo: codigos_fuenteusuario_8proyecto_8Triangulo.cpp","2025-04-18 00:42:29.000000"
"2267","8","creó_método","Método 'void aplicarDescuento()' agregado a la clase 'ProductoFisico' en proyecto 8","2025-04-18 00:49:29.000000"
"2268","8","modificó_herencia","Relación de herencia modificada: 'ProductoFisico' ahora hereda de 'CuentaCorriente' (antes diferente)","2025-04-18 00:57:27.000000"
"2269","8","creó_clase","Clase 'Figura' creada en el diagrama (cpp). Archivo generado en codigos_fuenteusuario_8proyecto_8Figura.cpp","2025-04-18 01:01:43.000000"
"2270","8","guardó_código","Archivo: codigos_fuenteusuario_8proyecto_8Gato.cpp","2025-04-18 01:07:45.000000"
"2271","8","creó_atributo","Error: tipo de dato no reconocido en atributo de 'Forma'","2025-04-18 01:09:26.000000"
"2272","8","cerró_sesión_inactividad","El sistema cerró la sesión por 10 min sin actividad. Usuario 8 en proyecto 8","2025-04-18 01:10:59.000000"
"2273","8","abrió_sesión","Usuario 8 inició sesión y abrió el proyecto 8","2025-04-19 22:02:00.000000"
"2274","8","guardó_código","Archivo: codigos_fuenteusuario_8proyecto_8Animal.cpp","2025-04-19 22:02:43.000000"
"2275","8","eliminó_herencia","Relación de herencia eliminada entre 'ProductoFisico' y 'CuentaCorriente'","2025-04-19 22:04:31.000000"
"2276","8","guardó_código","Archivo: codigos_fuenteusuario_8proyecto_8Producto.cpp","2025-04-19 22:11:45.000000"
"2277","8","creó_atributo","Atributo 'private float marca' agregado a la clase 'Figura' en proyecto 8","2025-04-19 22:15:26.000000"
"2278","8","creó_atributo","Atributo 'public double base' agregado a la clase 'Figura' en proyecto 8","2025-04-19 22:23:06.000000"
"2279","8","creó_atributo","Atributo 'private boolean color' agregado a la clase 'Auto' en proyecto 8","2025-04-19 22:30:34.000000"
"2280","8","creó_método","Método 'String setEdad()' agregado a la clase 'Figura' en proyecto 8","2025-04-19 22:35:29.000000"
"2281","8","modificó_clase","Clase 'Profesor' modificada: se actualizó el modificador de acceso a 'public'","2025-04-19 22:42:58.000000"
"2282","8","creó_clase","Clase 'Vehiculo' creada en el diagrama (cpp). Archivo generado en codigos_fuenteusuario_8proyecto_8Vehiculo.cpp","2025-04-19 22:49:47.000000"
"2283","8","modificó_clase","Clase 'Cola' modificada: se actualizó el modificador de acceso a 'protected'","2025-04-19 22:55:24.000000"
"2284","8","cerró_sesión_inactividad","El sistema cerró la sesión por 10 min sin actividad. Usuario 8 en proyecto 8","2025-04-19 22:58:36.000000"
"2285","9","abrió_sesión","Usuario 9 inició sesión y abrió el proyecto 9","2025-02-18 19:34:00.000000"
"2286","9","creó_clase","Error al crear clase 'Rectangulo': nombre duplicado en proyecto 9","2025-02-18 19:40:41.000000"
"2287","9","creó_clase","Clase 'Gato' creada en el diagrama (cpp). Archivo generado en codigos_fuenteusuario_9proyecto_9Gato.cpp","2025-02-18 19:47:50.000000"
"2288","9","guardó_código","Archivo: codigos_fuenteusuario_9proyecto_9Gato.cpp","2025-02-18 19:55:13.000000"
"2289","9","modificó_atributo","Atributo 'velocidad' de clase 'Gato' modificado: tipo cambiado a 'String'","2025-02-18 20:02:25.000000"
"2290","9","creó_clase","Clase 'Camion' creada en el diagrama (cpp). Archivo generado en codigos_fuenteusuario_9proyecto_9Camion.cpp","2025-02-18 20:06:08.000000"
"2291","9","creó_clase","Error al crear clase 'Profesor': nombre duplicado en proyecto 9","2025-02-18 20:13:12.000000"
"2292","9","estableció_herencia","Relación de herencia creada: 'Camion' extiende a 'Gato' en proyecto 9","2025-02-18 20:15:55.000000"
"2293","9","modificó_herencia","Relación de herencia modificada: 'Camion' ahora hereda de 'Gato' (antes diferente)","2025-02-18 20:22:02.000000"
"2294","9","modificó_atributo","Atributo 'saldo' de clase 'Gato' modificado: tipo cambiado a 'double'","2025-02-18 20:22:58.000000"
"2295","9","estableció_herencia","Relación de herencia creada: 'Camion' extiende a 'Gato' en proyecto 9","2025-02-18 20:25:48.000000"
"2296","9","creó_método","Error: firma duplicada al crear método en 'Gato'","2025-02-18 20:27:00.000000"
"2297","9","guardó_código","Archivo: codigos_fuenteusuario_9proyecto_9Camion.cpp","2025-02-18 20:28:43.000000"
"2298","9","modificó_herencia","Relación de herencia modificada: 'Camion' ahora hereda de 'Gato' (antes diferente)","2025-02-18 20:34:34.000000"
"2299","9","creó_atributo","Atributo 'protected boolean lados' agregado a la clase 'Camion' en proyecto 9","2025-02-18 20:35:15.000000"
"2300","9","guardó_código","Archivo: codigos_fuenteusuario_9proyecto_9Gato.cpp","2025-02-18 20:41:11.000000"
"2301","10","abrió_sesión","Usuario 10 inició sesión y abrió el proyecto 10","2025-02-15 23:27:00.000000"
"2302","10","creó_clase","Clase 'Auto' creada en el diagrama (cpp). Archivo generado en codigos_fuenteusuario_10proyecto_10Auto.cpp","2025-02-15 23:34:27.000000"
"2303","11","abrió_sesión","Usuario 11 inició sesión y abrió el proyecto 11","2025-02-02 23:36:00.000000"
"2304","11","creó_clase","Clase 'Forma' creada en el diagrama (cpp). Archivo generado en codigos_fuenteusuario_11proyecto_11Forma.cpp","2025-02-02 23:38:29.000000"
"2305","12","abrió_sesión","Usuario 12 inició sesión y abrió el proyecto 12","2025-02-07 02:01:00.000000"
"2306","12","creó_clase","Clase 'Perro' creada en el diagrama (cpp). Archivo generado en codigos_fuenteusuario_12proyecto_12Perro.cpp","2025-02-07 02:05:30.000000"
"2307","13","abrió_sesión","Usuario 13 inició sesión y abrió el proyecto 13","2025-02-04 16:08:00.000000"
"2308","13","creó_clase","Clase 'Gerente' creada en el diagrama (java). Archivo generado en codigos_fuenteusuario_13proyecto_13Gerente.java","2025-02-04 16:11:15.000000"
"2309","14","abrió_sesión","Usuario 14 inició sesión y abrió el proyecto 14","2025-02-16 21:55:00.000000"
"2310","14","creó_clase","Clase 'CuentaBancaria' creada en el diagrama (java). Archivo generado en codigos_fuenteusuario_14proyecto_14CuentaBancaria.java","2025-02-16 22:01:55.000000"
"2311","15","abrió_sesión","Usuario 15 inició sesión y abrió el proyecto 15","2025-02-02 23:52:00.000000"
"2312","15","creó_clase","Clase 'Estudiante' creada en el diagrama (cpp). Archivo generado en codigos_fuenteusuario_15proyecto_15Estudiante.cpp","2025-02-02 23:54:06.000000"
"2313","16","abrió_sesión","Usuario 16 inició sesión y abrió el proyecto 16","2025-02-21 16:28:00.000000"
"2314","16","creó_clase","Clase 'Persona' creada en el diagrama (cpp). Archivo generado en codigos_fuenteusuario_16proyecto_16Persona.cpp","2025-02-21 16:31:39.000000"
"2315","17","abrió_sesión","Usuario 17 inició sesión y abrió el proyecto 17","2025-02-01 18:32:00.000000"
"2316","17","creó_clase","Clase 'Estudiante' creada en el diagrama (java). Archivo generado en codigos_fuenteusuario_17proyecto_17Estudiante.java","2025-02-01 18:38:48.000000"
"2317","18","abrió_sesión","Usuario 18 inició sesión y abrió el proyecto 18","2025-02-15 18:26:00.000000"
"2318","18","creó_clase","Clase 'CuentaAhorro' creada en el diagrama (java). Archivo generado en codigos_fuenteusuario_18proyecto_18CuentaAhorro.java","2025-02-15 18:32:07.000000"
"2319","19","abrió_sesión","Usuario 19 inició sesión y abrió el proyecto 19","2025-02-04 18:29:00.000000"
"2320","19","creó_clase","Clase 'Perro' creada en el diagrama (java). Archivo generado en codigos_fuenteusuario_19proyecto_19Perro.java","2025-02-04 18:33:57.000000"
"2321","20","abrió_sesión","Usuario 20 inició sesión y abrió el proyecto 20","2025-02-13 03:12:00.000000"
"2322","20","creó_clase","Clase 'Figura' creada en el diagrama (java). Archivo generado en codigos_fuenteusuario_20proyecto_20Figura.java","2025-02-13 03:17:29.000000"
"2323","21","abrió_sesión","Usuario 21 inició sesión y abrió el proyecto 21","2025-02-15 00:57:00.000000"
"2324","21","creó_clase","Clase 'Rectangulo' creada en el diagrama (cpp). Archivo generado en codigos_fuenteusuario_21proyecto_21Rectangulo.cpp","2025-02-15 00:57:57.000000"
"2325","22","abrió_sesión","Usuario 22 inició sesión y abrió el proyecto 22","2025-02-01 17:04:00.000000"
"2326","22","creó_clase","Clase 'Animal' creada en el diagrama (cpp). Archivo generado en codigos_fuenteusuario_22proyecto_22Animal.cpp","2025-02-01 17:05:48.000000"
"2327","23","abrió_sesión","Usuario 23 inició sesión y abrió el proyecto 23","2025-02-10 20:52:00.000000"
"2328","23","creó_clase","Clase 'Triangulo' creada en el diagrama (java). Archivo generado en codigos_fuenteusuario_23proyecto_23Triangulo.java","2025-02-10 20:59:49.000000"
"2329","24","abrió_sesión","Usuario 24 inició sesión y abrió el proyecto 24","2025-02-09 21:41:00.000000"
"2330","24","creó_clase","Clase 'ListaEnlazada' creada en el diagrama (cpp). Archivo generado en codigos_fuenteusuario_24proyecto_24ListaEnlazada.cpp","2025-02-09 21:45:25.000000"
"2331","25","abrió_sesión","Usuario 25 inició sesión y abrió el proyecto 25","2025-02-10 01:16:00.000000"
"2332","25","creó_clase","Clase 'Rectangulo' creada en el diagrama (cpp). Archivo generado en codigos_fuenteusuario_25proyecto_25Rectangulo.cpp","2025-02-10 01:16:49.000000"
"2333","26","abrió_sesión","Usuario 26 inició sesión y abrió el proyecto 26","2025-02-22 01:01:00.000000"
"2334","26","creó_clase","Clase 'Camion' creada en el diagrama (java). Archivo generado en codigos_fuenteusuario_26proyecto_26Camion.java","2025-02-22 01:03:14.000000"
"2335","27","abrió_sesión","Usuario 27 inició sesión y abrió el proyecto 27","2025-02-10 17:36:00.000000"
"2336","27","creó_clase","Clase 'Estudiante' creada en el diagrama (java). Archivo generado en codigos_fuenteusuario_27proyecto_27Estudiante.java","2025-02-10 17:37:35.000000"
"2337","28","abrió_sesión","Usuario 28 inició sesión y abrió el proyecto 28","2025-02-12 20:25:00.000000"
"2338","28","creó_clase","Clase 'Camion' creada en el diagrama (cpp). Archivo generado en codigos_fuenteusuario_28proyecto_28Camion.cpp","2025-02-12 20:30:09.000000"
"2339","29","abrió_sesión","Usuario 29 inició sesión y abrió el proyecto 29","2025-02-05 22:38:00.000000"
"2340","29","creó_clase","Error al crear clase 'Animal': nombre duplicado en proyecto 29","2025-02-05 22:43:12.000000"
"2341","30","abrió_sesión","Usuario 30 inició sesión y abrió el proyecto 30","2025-02-05 03:08:00.000000"
"2342","30","creó_clase","Clase 'Poligono' creada en el diagrama (cpp). Archivo generado en codigos_fuenteusuario_30proyecto_30Poligono.cpp","2025-02-05 03:14:29.000000"
"2343","31","abrió_sesión","Usuario 31 inició sesión y abrió el proyecto 31","2025-03-05 21:44:00.000000"
"2344","31","creó_clase","Clase 'Camion' creada en el diagrama (cpp). Archivo generado en codigos_fuenteusuario_31proyecto_31Camion.cpp","2025-03-05 21:48:47.000000"
"2345","32","abrió_sesión","Usuario 32 inició sesión y abrió el proyecto 32","2025-02-10 23:27:00.000000"
"2346","32","creó_clase","Clase 'Moto' creada en el diagrama (java). Archivo generado en codigos_fuenteusuario_32proyecto_32Moto.java","2025-02-10 23:29:43.000000"
"2347","33","abrió_sesión","Usuario 33 inició sesión y abrió el proyecto 33","2025-02-07 23:37:00.000000"
"2348","33","creó_clase","Clase 'Estudiante' creada en el diagrama (cpp). Archivo generado en codigos_fuenteusuario_33proyecto_33Estudiante.cpp","2025-02-07 23:37:51.000000"
"2349","34","abrió_sesión","Usuario 34 inició sesión y abrió el proyecto 34","2025-02-06 19:51:00.000000"
"2350","34","creó_clase","Clase 'Hexagono' creada en el diagrama (java). Archivo generado en codigos_fuenteusuario_34proyecto_34Hexagono.java","2025-02-06 19:55:51.000000"
"2351","35","abrió_sesión","Usuario 35 inició sesión y abrió el proyecto 35","2025-02-13 00:32:00.000000"
"2352","35","creó_clase","Clase 'ProductoDigital' creada en el diagrama (cpp). Archivo generado en codigos_fuenteusuario_35proyecto_35ProductoDigital.cpp","2025-02-13 00:35:35.000000"
